Assembly Accession	Organism Name
GCA_000006765.1	Pseudomonas aeruginosa PAO1
GCA_000007565.2	Pseudomonas putida KT2440
GCA_000007805.1	Pseudomonas syringae pv. tomato str. DC3000
GCA_000009225.1	Pseudomonas fluorescens SBW25
GCA_000012205.1	Pseudomonas savastanoi pv. phaseolicola 1448A
GCA_000012245.1	Pseudomonas syringae pv. syringae B728a
GCA_000012265.1	Pseudomonas protegens Pf-5
GCA_000012445.1	Pseudomonas fluorescens Pf0-1
GCA_000014625.1	Pseudomonas aeruginosa UCBPP-PA14
GCA_000017205.1	Pseudomonas aeruginosa PA7
GCA_000019125.1	Pseudomonas putida GB-1
GCA_000026105.1	Pseudomonas entomophila L48
GCA_000026645.1	Pseudomonas aeruginosa LESB58
GCA_000145825.2	Pseudomonas syringae Cit 7
GCA_000145845.2	Pseudomonas syringae pv. maculicola str. ES4326
GCA_000145945.2	Pseudomonas amygdali pv. tabaci str. ATCC 11528
GCA_000146005.2	Pseudomonas amygdali pv. lachrymans str. M301315
GCA_000156995.2	Pseudomonas coronafaciens pv. oryzae str. 1_6
GCA_000164015.3	Pseudomonas savastanoi pv. savastanoi NCPPB 3335
GCA_000168335.1	Pseudomonas aeruginosa PACS2
GCA_000183645.1	Pseudomonas putida BIRD-1
GCA_000194805.1	Pseudomonas brassicacearum subsp. brassicacearum NFM421
GCA_000204295.1	Pseudomonas mendocina NK-01
GCA_000213805.1	Pseudomonas fulva 12-X
GCA_000223945.2	Pseudomonas aeruginosa 19BR
GCA_000223965.2	Pseudomonas aeruginosa 213BR
GCA_000226035.3	Pseudomonas putida B6-2
GCA_000226155.1	Pseudomonas aeruginosa M18
GCA_000237065.1	Pseudomonas ogarae
GCA_000257545.3	Pseudomonas mandelii JR-1
GCA_000262325.2	Pseudomonas fluorescens A506
GCA_000264665.2	Pseudomonas putida ND6
GCA_000271365.1	Pseudomonas aeruginosa DK2
GCA_000271965.2	Pseudomonas putida SJTE-1
GCA_000271985.2	Pseudomonas aeruginosa SJTD-1
GCA_000281215.1	Pseudomonas putida DOT-T1E
GCA_000282175.2	Pseudomonas sp. GM17
GCA_000284555.1	Pseudomonas aeruginosa NCGM2.S1
GCA_000293885.3	Pseudomonas fluorescens NCIMB 11764
GCA_000297075.2	Pseudomonas oleovorans CECT 5344
GCA_000316175.1	Pseudomonas sp. UW4
GCA_000325725.1	Pseudomonas putida HB3267
GCA_000336465.1	Pseudomonas poae RE*1-1-14
GCA_000344335.2	Pseudomonas syringae pv. actinidiae ICMP 9853
GCA_000344355.2	Pseudomonas syringae pv. actinidiae ICMP 18708
GCA_000344475.3	Pseudomonas syringae pv. actinidiae str. Shaanxi_M228
GCA_000346225.2	Pseudomonas sp. Lz4W
GCA_000349845.1	Pseudomonas sp. ATCC 13867
GCA_000359505.1	Pseudomonas aeruginosa B136-33
GCA_000397205.1	Pseudomonas protegens CHA0
GCA_000410575.1	Pseudomonas putida H8234
GCA_000412675.1	Pseudomonas putida NBRC 14164
GCA_000412695.1	Pseudomonas resinovorans NBRC 106553
GCA_000414035.1	Pseudomonas aeruginosa RP73
GCA_000452445.3	Pseudomonas syringae pv. pisi str. PP1
GCA_000452525.4	Pseudomonas syringae USA011
GCA_000452565.3	Pseudomonas syringae UB303
GCA_000452585.3	Pseudomonas syringae CC457
GCA_000452605.3	Pseudomonas syringae CC440
GCA_000452705.3	Pseudomonas syringae CC1557
GCA_000452745.3	Pseudomonas asturiensis
GCA_000473745.3	Pseudomonas aeruginosa VRFPA04
GCA_000494915.1	Pseudomonas sp. VLB120
GCA_000495455.2	Pseudomonas putida S12
GCA_000496455.2	Pseudomonas aeruginosa DHS01
GCA_000496605.2	Pseudomonas aeruginosa PA1
GCA_000496645.1	Pseudomonas aeruginosa PA1R
GCA_000498395.3	Pseudomonas putida S13.1.2
GCA_000498975.2	Pseudomonas soli
GCA_000504045.1	Pseudomonas aeruginosa MTB-1
GCA_000508205.1	Pseudomonas sp. TKP
GCA_000508765.1	Pseudomonas aeruginosa LES431
GCA_000510285.1	Pseudomonas monteilii SB3078
GCA_000510305.1	Pseudomonas aeruginosa SCV20265
GCA_000510325.1	Pseudomonas monteilii SB3101
GCA_000511325.1	Pseudomonas sp. FGI182
GCA_000517305.1	Pseudomonas cichorii JBC1
GCA_000524595.1	Pseudomonas aeruginosa YL84
GCA_000568855.2	Pseudomonas aeruginosa PAK
GCA_000585995.1	Pseudomonas brassicacearum
GCA_000648735.3	Pseudomonas syringae pv. actinidiae ICMP 18884
GCA_000689415.1	Pseudomonas knackmussii B13
GCA_000691565.1	Pseudomonas putida
GCA_000696345.2	Pseudomonas donghuensis
GCA_000698865.1	Pseudomonas chlororaphis
GCA_000730425.1	Pseudomonas fluorescens
GCA_000733715.2	Pseudomonas mendocina S5.2
GCA_000746525.1	Pseudomonas alkylphenolica
GCA_000756775.2	Pseudomonas saudiphocaensis
GCA_000759535.1	Pseudomonas cremoricolorata
GCA_000761155.1	Pseudomonas rhizosphaerae
GCA_000761195.1	Pseudomonas chlororaphis subsp. aurantiaca
GCA_000763245.3	Pseudomonas aeruginosa
GCA_000800255.1	Pseudomonas parafulva
GCA_000816985.1	Pseudomonas aeruginosa
GCA_000828695.1	Pseudomonas protegens Cab57
GCA_000829255.1	Pseudomonas aeruginosa
GCA_000829275.1	Pseudomonas aeruginosa
GCA_000829415.1	Pseudomonas sp. StFLB209
GCA_000829885.1	Pseudomonas aeruginosa
GCA_000831585.1	Pseudomonas plecoglossicida
GCA_000931465.1	Pseudomonas sp. MRSN 12121
GCA_000934565.1	Pseudomonas simiae
GCA_000953455.1	Pseudomonas oleovorans
GCA_000963495.1	Pseudomonas simiae
GCA_000963835.1	Pseudomonas chlororaphis
GCA_000968415.2	Pseudomonas synxantha
GCA_000981825.1	Pseudomonas aeruginosa
GCA_000988395.1	Pseudomonas syringae pv. syringae HS191
GCA_000988485.1	Pseudomonas syringae pv. syringae B301D
GCA_001007005.1	Pseudomonas sp. CCOS 191
GCA_001020725.3	Pseudomonas lundensis
GCA_001023535.1	Pseudomonas chlororaphis
GCA_001045685.1	Pseudomonas aeruginosa DSM 50071 = NBRC 12689
GCA_001077475.1	Pseudomonas aeruginosa
GCA_001186335.1	Pseudomonas trivialis
GCA_001281365.1	Pseudomonas syringae UMAF0158
GCA_001293085.1	Pseudomonas aeruginosa
GCA_001294575.1	Pseudomonas versuta
GCA_001307155.1	Pseudomonas fluorescens
GCA_001307275.1	Pseudomonas fluorescens
GCA_001447845.1	Pseudomonas aeruginosa
GCA_001449085.1	Pseudomonas brassicacearum
GCA_001457615.1	Pseudomonas aeruginosa
GCA_001465155.1	Pseudomonas aeruginosa
GCA_001482325.1	Pseudomonas aeruginosa
GCA_001482725.1	Pseudomonas syringae pv. lapsa
GCA_001511755.1	Pseudomonas sp. URMO17WK12:I11
GCA_001511775.1	Pseudomonas sp. URMO17WK12:I11
GCA_001515585.2	Pseudomonas putida
GCA_001515845.2	Pseudomonas aeruginosa
GCA_001515915.2	Pseudomonas aeruginosa
GCA_001516005.1	Pseudomonas aeruginosa
GCA_001516105.1	Pseudomonas aeruginosa
GCA_001516165.2	Pseudomonas aeruginosa
GCA_001516185.2	Pseudomonas aeruginosa
GCA_001516205.2	Pseudomonas aeruginosa
GCA_001516225.2	Pseudomonas aeruginosa
GCA_001516245.2	Pseudomonas aeruginosa
GCA_001516265.1	Pseudomonas aeruginosa
GCA_001516305.2	Pseudomonas aeruginosa
GCA_001516325.2	Pseudomonas aeruginosa
GCA_001516345.1	Pseudomonas aeruginosa
GCA_001516365.2	Pseudomonas aeruginosa
GCA_001516385.1	Pseudomonas aeruginosa
GCA_001518815.1	Pseudomonas oryzihabitans
GCA_001518975.1	Pseudomonas aeruginosa
GCA_001534745.1	Pseudomonas monteilii
GCA_001542795.2	Pseudomonas aeruginosa
GCA_001542835.1	Pseudomonas aeruginosa
GCA_001543265.1	Pseudomonas fragi
GCA_001547895.1	Pseudomonas sp. Os17
GCA_001547915.1	Pseudomonas sp. St29
GCA_001547955.1	Pseudomonas aeruginosa
GCA_001548135.1	Pseudomonas aeruginosa
GCA_001548335.1	Pseudomonas aeruginosa
GCA_001579805.1	Pseudomonas azotoformans
GCA_001586155.1	Pseudomonas citronellolis
GCA_001594225.2	Pseudomonas glycinae
GCA_001594325.2	Pseudomonas aeruginosa
GCA_001597285.1	Pseudomonas alcaligenes
GCA_001602135.1	Pseudomonas chlororaphis
GCA_001605965.1	Pseudomonas koreensis
GCA_001606045.1	Pseudomonas aeruginosa
GCA_001612705.2	Pseudomonas yamanorum
GCA_001618925.1	Pseudomonas aeruginosa
GCA_001630725.2	Pseudomonas putida
GCA_001632245.1	Pseudomonas aeruginosa
GCA_001636055.1	Pseudomonas putida
GCA_001647715.1	Pseudomonas antarctica
GCA_001654435.1	Pseudomonas citronellolis
GCA_001654515.1	Pseudomonas koreensis
GCA_001655295.1	Pseudomonas sp. JY-Q
GCA_001655595.1	Pseudomonas sp. DR 5-09
GCA_001655615.1	Pseudomonas sp. GR 6-02
GCA_001661075.1	Pseudomonas silesiensis
GCA_001679685.1	Pseudomonas aeruginosa
GCA_001687285.1	Pseudomonas aeruginosa
GCA_001703595.1	Pseudomonas sp. TMW 2.1634
GCA_001705995.2	Pseudomonas sp. BIOMIG1BAC
GCA_001708425.1	Pseudomonas corrugata
GCA_001708445.1	Pseudomonas fluorescens
GCA_001708465.1	Pseudomonas fluorescens
GCA_001708485.1	Pseudomonas lurida
GCA_001708505.1	Pseudomonas sp. TCU-HL1
GCA_001721745.1	Pseudomonas aeruginosa
GCA_001721765.1	Pseudomonas aeruginosa
GCA_001721785.1	Pseudomonas aeruginosa
GCA_001721805.1	Pseudomonas aeruginosa
GCA_001721825.1	Pseudomonas aeruginosa
GCA_001721845.1	Pseudomonas aeruginosa
GCA_001722005.2	Pseudomonas aeruginosa
GCA_001722025.1	Pseudomonas aeruginosa
GCA_001722045.1	Pseudomonas aeruginosa
GCA_001729505.1	Pseudomonas aeruginosa
GCA_001746815.1	Pseudomonas brassicacearum
GCA_001747385.1	Pseudomonas fluorescens
GCA_001750705.1	Pseudomonas aeruginosa
GCA_001767335.1	Pseudomonas putida JB
GCA_001792835.1	Pseudomonas aeruginosa
GCA_001792855.1	Pseudomonas aeruginosa
GCA_001792875.1	Pseudomonas aeruginosa
GCA_001839645.2	Pseudomonas seleniipraecipitans
GCA_001839655.2	Pseudomonas argentinensis
GCA_001870265.1	Pseudomonas aeruginosa
GCA_001874465.1	Pseudomonas aeruginosa
GCA_001874645.1	Pseudomonas frederiksbergensis
GCA_001879525.1	Pseudomonas aeruginosa
GCA_001886975.1	Pseudomonas putida
GCA_001900195.1	Pseudomonas aeruginosa
GCA_001900225.1	Pseudomonas aeruginosa
GCA_001900265.1	Pseudomonas aeruginosa
GCA_001913135.1	Pseudomonas psychrotolerans
GCA_001913215.1	Pseudomonas syringae pv. actinidiae
GCA_001913235.1	Pseudomonas syringae pv. actinidiae
GCA_001941865.1	Pseudomonas alcaliphila JAB1
GCA_001952935.1	Pseudomonas frederiksbergensis
GCA_002006545.1	Pseudomonas protegens
GCA_002007785.1	Pseudomonas azotoformans
GCA_002021815.1	Pseudomonas parafulva
GCA_002024285.1	Pseudomonas syringae pv. actinidiae
GCA_002024305.1	Pseudomonas syringae pv. actinidiae
GCA_002025205.1	Pseudomonas sp. CC6-YY-74
GCA_002025705.1	Pseudomonas putida
GCA_002028325.1	Pseudomonas veronii
GCA_002037565.1	Pseudomonas sp. LPH1
GCA_002068135.1	Pseudomonas amygdali pv. lachrymans
GCA_002075065.1	Pseudomonas aeruginosa
GCA_002085605.1	Pseudomonas aeruginosa
GCA_002085755.1	Pseudomonas aeruginosa
GCA_002104595.1	Pseudomonas aeruginosa
GCA_002104615.1	Pseudomonas aeruginosa
GCA_002128325.1	Pseudomonas fragi
GCA_002155165.1	Pseudomonas mendocina
GCA_002163625.1	Pseudomonas sp. M30-35
GCA_002192475.1	Pseudomonas aeruginosa
GCA_002192495.1	Pseudomonas aeruginosa
GCA_002205335.1	Pseudomonas aeruginosa
GCA_002205355.1	Pseudomonas aeruginosa
GCA_002205375.1	Pseudomonas aeruginosa
GCA_002208645.1	Pseudomonas aeruginosa
GCA_002208745.2	Pseudomonas protegens
GCA_002215345.1	Pseudomonas aeruginosa
GCA_002223805.1	Pseudomonas aeruginosa
GCA_002237405.1	Pseudomonas aeruginosa
GCA_002237425.1	Pseudomonas aeruginosa
GCA_002287725.2	Pseudomonas aeruginosa
GCA_002309555.1	Pseudomonas mosselii
GCA_002355315.1	Pseudomonas frederiksbergensis
GCA_002355475.1	Pseudomonas furukawaii
GCA_002355875.1	Pseudomonas chlororaphis subsp. aurantiaca
GCA_002356095.1	Pseudomonas putida
GCA_002356535.2	Pseudomonas izuensis
GCA_002411865.3	Pseudomonas aeruginosa
GCA_002442555.1	Pseudomonas mendocina
GCA_002442855.1	Pseudomonas aeruginosa
GCA_002591235.1	Pseudomonas sp. FDAARGOS_380
GCA_002688705.1	Pseudomonas fulva
GCA_002736045.1	Pseudomonas putida
GCA_002736065.1	Pseudomonas mosselii
GCA_002736125.1	Pseudomonas putida
GCA_002741075.1	Pseudomonas putida
GCA_002753655.1	Pseudomonas aeruginosa
GCA_002753995.1	Pseudomonas sp. HLS-6
GCA_002763655.1	Pseudomonas syringae pv. actinidiae
GCA_002812565.2	Pseudomonas sp. SGAir0191
GCA_002812825.1	Pseudomonas aeruginosa
GCA_002812845.1	Pseudomonas aeruginosa
GCA_002812865.1	Pseudomonas aeruginosa
GCA_002812885.1	Pseudomonas aeruginosa
GCA_002812905.2	Pseudomonas aeruginosa
GCA_002812925.3	Pseudomonas aeruginosa
GCA_002843285.1	Pseudomonas sp. AK6U
GCA_002844145.1	Pseudomonas chlororaphis
GCA_002845275.2	Pseudomonas sp. S06B 330
GCA_002865505.1	Pseudomonas fluorescens
GCA_002874965.1	Pseudomonas sp. NC02
GCA_002905685.2	Pseudomonas amygdali pv. morsprunorum
GCA_002905795.2	Pseudomonas avellanae
GCA_002905815.2	Pseudomonas syringae pv. syringae
GCA_002934065.1	Pseudomonas orientalis
GCA_002934345.1	Pseudomonas sp. PONIH3
GCA_002943995.1	Pseudomonas monteilii
GCA_002946935.1	Pseudomonas aeruginosa
GCA_002947915.1	Pseudomonas sp. SWI44
GCA_002947975.1	Pseudomonas sp. SWI6
GCA_002948105.1	Pseudomonas sp. SWI36
GCA_002949975.1	Pseudomonas sp. LH1G9
GCA_002949995.1	Pseudomonas sp. LG1D9
GCA_002951475.1	Pseudomonas fulva
GCA_002953115.1	Pseudomonas sp. XWY-1
GCA_002966555.1	Pseudomonas syringae pv. tomato
GCA_002966775.1	Pseudomonas sp. MYb193
GCA_002966835.1	Pseudomonas lurida
GCA_002968515.1	Pseudomonas aeruginosa
GCA_002968585.1	Pseudomonas aeruginosa
GCA_002968655.1	Pseudomonas aeruginosa
GCA_002968695.1	Pseudomonas aeruginosa
GCA_002968755.1	Pseudomonas paraeruginosa
GCA_002968955.1	Pseudomonas aeruginosa
GCA_002997005.1	Pseudomonas aeruginosa
GCA_003008615.1	Pseudomonas mendocina
GCA_003008635.1	Pseudomonas chlororaphis subsp. piscium
GCA_003025345.2	Pseudomonas paraeruginosa
GCA_003028335.1	Pseudomonas aeruginosa
GCA_003047185.1	Pseudomonas syringae pv. atrofaciens
GCA_003049825.1	Pseudomonas koreensis
GCA_003052005.2	Pseudomonas aeruginosa
GCA_003055645.1	Pseudomonas fluorescens
GCA_003060845.1	Pseudomonas aeruginosa
GCA_003073615.1	Pseudomonas aeruginosa
GCA_003073695.1	Pseudomonas paraeruginosa
GCA_003073735.1	Pseudomonas aeruginosa
GCA_003073795.1	Pseudomonas aeruginosa
GCA_003073895.1	Pseudomonas aeruginosa
GCA_003151075.1	Pseudomonas sp. 31-12
GCA_003193645.1	Pseudomonas aeruginosa
GCA_003194245.1	Pseudomonas aeruginosa
GCA_003204335.1	Pseudomonas aeruginosa
GCA_003206535.1	Pseudomonas aeruginosa
GCA_003228315.1	Pseudomonas putida
GCA_003288335.1	Pseudomonas aeruginosa
GCA_003288355.1	Pseudomonas aeruginosa
GCA_003288435.1	Pseudomonas aeruginosa
GCA_003290225.1	Pseudomonas sp. LG1E9
GCA_003290365.1	Pseudomonas putida
GCA_003319235.1	Pseudomonas aeruginosa
GCA_003332705.2	Pseudomonas aeruginosa
GCA_003352185.1	Pseudomonas kribbensis
GCA_003363755.1	Pseudomonas protegens
GCA_003369735.1	Pseudomonas aeruginosa
GCA_003369755.1	Pseudomonas aeruginosa
GCA_003369775.1	Pseudomonas aeruginosa
GCA_003391255.1	Pseudomonas plecoglossicida
GCA_003408495.1	Pseudomonas aeruginosa
GCA_003408635.1	Pseudomonas sp. phDV1
GCA_003410295.1	Pseudomonas parafulva
GCA_003410335.1	Pseudomonas fluorescens
GCA_003411785.2	Pseudomonas aeruginosa
GCA_003429185.1	Pseudomonas aeruginosa
GCA_003429205.1	Pseudomonas aeruginosa
GCA_003433235.1	Pseudomonas aeruginosa
GCA_003571505.1	Pseudomonas aeruginosa
GCA_003571805.1	Pseudomonas aeruginosa
GCA_003595175.1	Pseudomonas cavernae
GCA_003612935.1	Pseudomonas fluorescens
GCA_003626935.2	Pseudomonas aeruginosa
GCA_003626975.1	Pseudomonas sp. DY-1
GCA_003626995.1	Pseudomonas fluorescens
GCA_003627215.1	Pseudomonas sp. Leaf58
GCA_003641125.1	Pseudomonas aeruginosa
GCA_003665415.1	Pseudomonas syringae pv. actinidiae
GCA_003671955.1	Pseudomonas putida
GCA_003671975.1	Pseudomonas monteilii
GCA_003691345.1	Pseudomonas aeruginosa
GCA_003691445.1	Pseudomonas sp. LTGT-11-2Z
GCA_003691465.1	Pseudomonas sp. LTJR-52
GCA_003713085.1	Pseudomonas aeruginosa
GCA_003716765.1	Pseudomonas aeruginosa
GCA_003798105.1	Pseudomonas aeruginosa
GCA_003798125.1	Pseudomonas aeruginosa
GCA_003798145.1	Pseudomonas aeruginosa
GCA_003812165.1	Pseudomonas aeruginosa
GCA_003812885.1	Pseudomonas aeruginosa
GCA_003812905.1	Pseudomonas aeruginosa
GCA_003813005.1	Pseudomonas aeruginosa
GCA_003813025.1	Pseudomonas aeruginosa
GCA_003850345.1	Pseudomonas chlororaphis subsp. piscium
GCA_003850365.1	Pseudomonas chlororaphis subsp. piscium
GCA_003850385.1	Pseudomonas chlororaphis subsp. piscium
GCA_003850405.1	Pseudomonas chlororaphis subsp. piscium
GCA_003850425.1	Pseudomonas chlororaphis subsp. piscium
GCA_003850445.1	Pseudomonas chlororaphis subsp. piscium
GCA_003850465.1	Pseudomonas chlororaphis subsp. piscium
GCA_003850485.1	Pseudomonas chlororaphis subsp. piscium
GCA_003850505.1	Pseudomonas chlororaphis subsp. piscium
GCA_003850525.1	Pseudomonas chlororaphis subsp. piscium
GCA_003850545.1	Pseudomonas sp. CMR5c
GCA_003850565.1	Pseudomonas sessilinigenes
GCA_003850585.1	Pseudomonas chlororaphis subsp. piscium
GCA_003850605.1	Pseudomonas chlororaphis
GCA_003851145.1	Pseudomonas chlororaphis
GCA_003851165.1	Pseudomonas chlororaphis subsp. aurantiaca
GCA_003851205.1	Pseudomonas chlororaphis subsp. aurantiaca
GCA_003851225.1	Pseudomonas chlororaphis subsp. aurantiaca
GCA_003851265.1	Pseudomonas chlororaphis subsp. aurantiaca
GCA_003851285.1	Pseudomonas chlororaphis subsp. aurantiaca
GCA_003851305.1	Pseudomonas chlororaphis subsp. aurantiaca
GCA_003851345.1	Pseudomonas chlororaphis subsp. aurantiaca
GCA_003851365.1	Pseudomonas chlororaphis subsp. aureofaciens
GCA_003851385.1	Pseudomonas chlororaphis subsp. aureofaciens
GCA_003851405.1	Pseudomonas chlororaphis subsp. aureofaciens
GCA_003851425.1	Pseudomonas chlororaphis subsp. aureofaciens
GCA_003851445.1	Pseudomonas chlororaphis subsp. aureofaciens
GCA_003851465.1	Pseudomonas synxantha
GCA_003851495.1	Pseudomonas synxantha
GCA_003851525.1	Pseudomonas synxantha
GCA_003851555.1	Pseudomonas synxantha
GCA_003851585.1	Pseudomonas orientalis
GCA_003851605.1	Pseudomonas orientalis
GCA_003851645.1	Pseudomonas orientalis
GCA_003851685.1	Pseudomonas sp. R5-89-07
GCA_003851705.1	Pseudomonas sp. R2-37-08W
GCA_003851745.1	Pseudomonas sp. R3-52-08
GCA_003851785.1	Pseudomonas chlororaphis
GCA_003851805.1	Pseudomonas chlororaphis subsp. aurantiaca
GCA_003851835.1	Pseudomonas chlororaphis subsp. aurantiaca
GCA_003851865.1	Pseudomonas chlororaphis subsp. aureofaciens
GCA_003851905.1	Pseudomonas chlororaphis subsp. aureofaciens
GCA_003851925.1	Pseudomonas chlororaphis subsp. aureofaciens
GCA_003851955.1	Pseudomonas chlororaphis subsp. aureofaciens
GCA_003851985.1	Pseudomonas chlororaphis
GCA_003852005.1	Pseudomonas chlororaphis subsp. aureofaciens
GCA_003852025.1	Pseudomonas synxantha
GCA_003852045.1	Pseudomonas orientalis
GCA_003852065.1	Pseudomonas sp. R3-18-08
GCA_003852235.1	Pseudomonas sp. R4-35-07
GCA_003852255.1	Pseudomonas sp. R1-43-08
GCA_003852275.1	Pseudomonas sp. R4-39-08
GCA_003852295.1	Pseudomonas sp. R11-23-07
GCA_003852315.1	Pseudomonas sp. LBUM920
GCA_003852335.1	Pseudomonas sp. R2-60-08W
GCA_003852355.1	Pseudomonas sp. R2-7-07
GCA_003852375.1	Pseudomonas sp. R4-34-07
GCA_003940785.1	Pseudomonas oryziphila
GCA_003940825.1	Pseudomonas oryziphila
GCA_003945765.1	Pseudomonas chlororaphis subsp. chlororaphis
GCA_003950015.1	Pseudomonas aeruginosa
GCA_003950235.1	Pseudomonas aeruginosa
GCA_003950255.1	Pseudomonas aeruginosa
GCA_003952245.1	Pseudomonas libanensis
GCA_003952285.1	Pseudomonas aeruginosa
GCA_003952305.1	Pseudomonas aeruginosa
GCA_003952325.1	Pseudomonas aeruginosa
GCA_003957825.1	Pseudomonas aeruginosa
GCA_003991465.1	Pseudomonas aeruginosa
GCA_004000515.1	Pseudomonas poae
GCA_004006335.1	Pseudomonas syringae
GCA_004010895.1	Pseudomonas aeruginosa
GCA_004011755.1	Pseudomonas sp. RU47
GCA_004014755.2	Pseudomonas aeruginosa
GCA_004102665.1	Pseudomonas aeruginosa
GCA_004124255.1	Candidatus Pseudomonas adelgestsugas
GCA_004124275.1	Pseudomonas sp. DTU12.3
GCA_004193735.1	Pseudomonas aeruginosa
GCA_004214895.1	Pseudomonas tructae
GCA_004291075.1	Pseudomonas aeruginosa
GCA_004355125.1	Pseudomonas aeruginosa
GCA_004355145.1	Pseudomonas aeruginosa
GCA_004379315.1	Pseudomonas sp. SXM-1
GCA_004526365.1	Pseudomonas sp. S150
GCA_004683905.1	Pseudomonas fluorescens
GCA_004786035.1	Pseudomonas viciae
GCA_004803755.1	Pseudomonas sp. DG56-2
GCA_004919535.4	Pseudomonas veronii
GCA_005080685.1	Pseudomonas putida
GCA_005305005.1	Pseudomonas aeruginosa
GCA_005937845.2	Pseudomonas sp. KBS0802
GCA_005937945.2	Pseudomonas sp. KBS0707
GCA_005938665.2	Pseudomonas sp. ATCC 43928
GCA_006094435.1	Pseudomonas sp. MPC6
GCA_006351945.1	Pseudomonas sp. SWI7
GCA_006364735.1	Pseudomonas aeruginosa
GCA_006364795.1	Pseudomonas aeruginosa
GCA_006384975.1	Pseudomonas psychrotolerans
GCA_006517195.1	Pseudomonas sp. NIBRBAC000502773
GCA_006547025.1	Pseudomonas azotoformans
GCA_006704595.2	Pseudomonas aeruginosa
GCA_006971785.1	Pseudomonas aeruginosa
GCA_007559065.1	Pseudomonas aeruginosa
GCA_007559085.1	Pseudomonas aeruginosa
GCA_007559105.1	Pseudomonas aeruginosa
GCA_007559125.1	Pseudomonas aeruginosa
GCA_007633355.1	Pseudomonas sp. BJP69
GCA_007833495.1	Pseudomonas putida
GCA_007833895.1	Pseudomonas aeruginosa
GCA_008033725.1	Pseudomonas aeruginosa
GCA_008033745.1	Pseudomonas aeruginosa
GCA_008033765.1	Pseudomonas aeruginosa
GCA_008195485.1	Pseudomonas aeruginosa
GCA_008245185.1	Pseudomonas aeruginosa
GCA_008330565.1	Pseudomonas protegens
GCA_008370715.1	Pseudomonas brassicacearum
GCA_008605605.1	Pseudomonas putida
GCA_008693825.1	Pseudomonas oryzihabitans
GCA_008693965.1	Pseudomonas luteola
GCA_008705235.1	Pseudomonas aeruginosa
GCA_008807375.1	Pseudomonas lalkuanensis
GCA_008807395.1	Pseudomonas sp. C27(2019)
GCA_008807675.1	Pseudomonas protegens
GCA_008807695.1	Pseudomonas protegens
GCA_008807715.1	Pseudomonas protegens
GCA_009176725.1	Pseudomonas sp. KUIN-1
GCA_009189165.1	Pseudomonas sp. SCB32
GCA_009362955.1	Pseudomonas chlororaphis subsp. aurantiaca
GCA_009363395.1	Pseudomonas sp. THAF187a
GCA_009363475.1	Pseudomonas sp. THAF42
GCA_009497675.1	Pseudomonas aeruginosa
GCA_009498355.1	Pseudomonas aeruginosa PA99
GCA_009601685.2	Pseudomonas brassicacearum
GCA_009648855.1	Pseudomonas sp. CFSAN084952
GCA_009648875.1	Pseudomonas aeruginosa
GCA_009662315.1	Pseudomonas aeruginosa
GCA_009664165.1	Pseudomonas aeruginosa
GCA_009676765.1	Pseudomonas aeruginosa
GCA_009676785.1	Pseudomonas aeruginosa
GCA_009676885.1	Pseudomonas aeruginosa
GCA_009720405.1	Pseudomonas aeruginosa
GCA_009720425.1	Pseudomonas aeruginosa
GCA_009734285.1	Pseudomonas coronafaciens pv. coronafaciens
GCA_009745915.1	Pseudomonas protegens
GCA_009755645.1	Pseudomonas alkylphenolica
GCA_009800225.1	Pseudomonas syringae pv. tomato
GCA_009818265.1	Pseudomonas mediterranea
GCA_009827115.1	Pseudomonas sp. J380
GCA_009831395.1	Pseudomonas monteilii
GCA_009834495.1	Pseudomonas chlororaphis
GCA_009834515.1	Pseudomonas sp. R84
GCA_009834545.1	Pseudomonas sp. S04
GCA_009834565.1	Pseudomonas sp. R76
GCA_009866705.1	Pseudomonas sp. R32
GCA_009866725.1	Pseudomonas sp. S19
GCA_009866745.1	Pseudomonas sp. S34
GCA_009866765.1	Pseudomonas sp. S35
GCA_009866785.1	Pseudomonas sp. S49
GCA_009867055.1	Pseudomonas aeruginosa
GCA_009873475.1	Pseudomonas sp. DTU12.1
GCA_009883635.2	Pseudomonas putida
GCA_009905195.1	Pseudomonas aeruginosa
GCA_009911735.1	Pseudomonas aeruginosa
GCA_009911755.1	Pseudomonas knackmussii
GCA_009938035.1	Pseudomonas putida
GCA_010092525.1	Pseudomonas chlororaphis subsp. aurantiaca
GCA_010448615.1	Pseudomonas fluorescens
GCA_010668965.1	Pseudomonas fluorescens
GCA_010669185.1	Pseudomonas sp. OIL-1
GCA_010694505.1	Pseudomonas aeruginosa
GCA_011040435.1	Pseudomonas psychrophila
GCA_011044415.1	Pseudomonas nitroreducens
GCA_011045375.1	Pseudomonas aeruginosa
GCA_011045675.1	Pseudomonas monteilii
GCA_011045695.1	Pseudomonas monteilii
GCA_011106815.1	Pseudomonas aeruginosa
GCA_011397855.1	Pseudomonas otitidis
GCA_011466835.1	Pseudomonas aeruginosa
GCA_011765175.1	Pseudomonas coronafaciens
GCA_012276675.1	Pseudomonas aeruginosa
GCA_012647205.1	Pseudomonas umsongensis
GCA_012767755.2	Pseudomonas tohonis
GCA_012844345.1	Pseudomonas sp. gcc21
GCA_012935295.1	Pseudomonas aeruginosa
GCA_012935655.1	Pseudomonas sp. ADAK22
GCA_012935675.1	Pseudomonas sp. ADAK7
GCA_012935695.1	Pseudomonas sp. ADAK18
GCA_012935715.1	Pseudomonas sp. ADAK13
GCA_012935735.1	Pseudomonas sp. ADAK21
GCA_012935755.1	Pseudomonas sp. ADAK2
GCA_012935775.1	Pseudomonas sp. ADAK20
GCA_012971705.1	Pseudomonas aeruginosa
GCA_012971725.1	Pseudomonas multiresinivorans
GCA_012974785.1	Pseudomonas fluorescens
GCA_012975065.1	Pseudomonas sp. SK
GCA_013001005.1	Pseudomonas aeruginosa PAO1
GCA_013200955.2	Pseudomonas campi
GCA_013201095.1	Pseudomonas aeruginosa
GCA_013201115.1	Pseudomonas aeruginosa
GCA_013201545.1	Pseudomonas graminis
GCA_013255565.1	Pseudomonas aeruginosa
GCA_013260315.1	Pseudomonas sp. B14-6
GCA_013260445.1	Pseudomonas aeruginosa
GCA_013283895.1	Pseudomonas sp. MPDS
GCA_013285305.1	Pseudomonas rhodesiae
GCA_013305625.2	Pseudomonas putida
GCA_013305645.2	Pseudomonas aeruginosa
GCA_013305665.1	Pseudomonas sp. NY5710
GCA_013305685.1	Pseudomonas sp. 13159349
GCA_013305765.1	Pseudomonas aeruginosa
GCA_013305815.1	Pseudomonas aeruginosa
GCA_013305845.1	Pseudomonas aeruginosa
GCA_013341295.1	Pseudomonas aeruginosa
GCA_013341315.1	Pseudomonas aeruginosa
GCA_013343155.1	Pseudomonas sp. FDAARGOS_761
GCA_013343315.1	Pseudomonas aeruginosa
GCA_013343335.1	Pseudomonas aeruginosa
GCA_013343355.1	Pseudomonas aeruginosa
GCA_013343375.1	Pseudomonas aeruginosa
GCA_013343395.1	Pseudomonas aeruginosa
GCA_013343415.1	Pseudomonas aeruginosa
GCA_013343435.1	Pseudomonas aeruginosa
GCA_013343455.1	Pseudomonas aeruginosa
GCA_013343475.1	Pseudomonas aeruginosa
GCA_013343495.1	Pseudomonas aeruginosa
GCA_013343515.1	Pseudomonas aeruginosa
GCA_013343535.1	Pseudomonas aeruginosa
GCA_013343555.1	Pseudomonas aeruginosa
GCA_013343575.1	Pseudomonas aeruginosa
GCA_013347245.1	Pseudomonas aeruginosa
GCA_013347965.1	Pseudomonas bijieensis
GCA_013363935.1	Pseudomonas sp. 43A
GCA_013374995.1	Pseudomonas eucalypticola
GCA_013376775.1	Pseudomonas aeruginosa
GCA_013378035.1	Pseudomonas plecoglossicida
GCA_013393665.2	Pseudomonas aeruginosa
GCA_013393685.1	Pseudomonas aeruginosa
GCA_013393705.1	Pseudomonas aeruginosa
GCA_013394455.1	Pseudomonas aeruginosa
GCA_013394475.2	Pseudomonas aeruginosa
GCA_013395035.1	Pseudomonas aeruginosa
GCA_013395055.1	Pseudomonas sp. ABC1
GCA_013401475.1	Pseudomonas sivasensis
GCA_013403525.1	Pseudomonas sp. DS1
GCA_013403585.1	Pseudomonas yamanorum
GCA_013407925.2	Pseudomonas protegens
GCA_013409125.2	Pseudomonas sediminis
GCA_013409685.2	Pseudomonas protegens
GCA_013410155.2	Pseudomonas sp. B11D7D
GCA_013425825.1	Pseudomonas putida
GCA_013466605.1	Pseudomonas chlororaphis subsp. aurantiaca
GCA_013467585.1	Pseudomonas aeruginosa
GCA_013467605.1	Pseudomonas aeruginosa
GCA_014076455.1	Pseudomonas migulae
GCA_014076515.1	Pseudomonas putida
GCA_014117365.1	Pseudomonas sp. 29A
GCA_014155905.1	Pseudomonas aeruginosa
GCA_014161995.1	Pseudomonas otitidis
GCA_014162535.1	Pseudomonas putida
GCA_014169055.1	Pseudomonas putida
GCA_014217315.1	Pseudomonas aeruginosa
GCA_014217705.1	Pseudomonas putida
GCA_014268205.2	Pseudomonas sp. OE 28.3
GCA_014268275.3	Pseudomonas tritici
GCA_014268375.2	Pseudomonas salmasensis
GCA_014268445.2	Pseudomonas tensinigenes
GCA_014268455.2	Pseudomonas shahriarae
GCA_014268485.2	Pseudomonas zeae
GCA_014268495.2	Pseudomonas monsensis
GCA_014268585.2	Pseudomonas iranensis
GCA_014268595.2	Pseudomonas hamedanensis
GCA_014268695.2	Pseudomonas zarinae
GCA_014268755.2	Pseudomonas vanderleydeniana
GCA_014268885.2	Pseudomonas xantholysinigenes
GCA_014268975.2	Pseudomonas wayambapalatensis
GCA_014269025.2	Pseudomonas promysalinigenes
GCA_014269225.2	Pseudomonas anuradhapurensis
GCA_014467035.1	Pseudomonas aeruginosa
GCA_014490645.1	Pseudomonas aeruginosa
GCA_014522265.1	Pseudomonas psychrotolerans
GCA_014524625.1	Pseudomonas chlororaphis
GCA_014524645.1	Pseudomonas syringae
GCA_014656565.1	Pseudomonas asiatica
GCA_014672795.1	Pseudomonas aeruginosa
GCA_014706535.1	Pseudomonas sp. CFA
GCA_014764425.1	Pseudomonas putida
GCA_014792105.1	Pseudomonas asiatica
GCA_014792125.1	Pseudomonas aeruginosa
GCA_014843515.1	Pseudomonas sp. ADPe
GCA_014854555.1	Pseudomonas putida
GCA_014854655.1	Pseudomonas aeruginosa
GCA_014855475.1	Pseudomonas savastanoi
GCA_014863505.1	Pseudomonas sp. IzPS59
GCA_014863585.1	Pseudomonas gozinkensis
GCA_014863605.1	Pseudomonas allokribbensis
GCA_014883875.1	Pseudomonas taiwanensis
GCA_014930935.1	Pseudomonas aeruginosa
GCA_014930995.1	Pseudomonas poae
GCA_015074865.1	Pseudomonas fluorescens
GCA_015136515.1	Pseudomonas monteilii
GCA_015168335.1	Pseudomonas shirazica
GCA_015277575.1	Pseudomonas sp. OST1909
GCA_015377145.2	Pseudomonas lundensis
GCA_015476275.1	Pseudomonas fragi
GCA_015679205.1	Pseudomonas fulva
GCA_015679225.1	Pseudomonas fulva
GCA_015680915.2	Pseudomonas syringae pv. actinidifoliorum ICMP 18803
GCA_015697465.1	Pseudomonas aeruginosa
GCA_015697605.1	Pseudomonas aeruginosa
GCA_015697645.1	Pseudomonas aeruginosa
GCA_015697665.1	Pseudomonas aeruginosa
GCA_015767515.1	Pseudomonas fragi
GCA_015832055.1	Pseudomonas aeruginosa
GCA_015832075.1	Pseudomonas aeruginosa
GCA_016064595.1	Pseudomonas aeruginosa
GCA_016105505.1	Pseudomonas aeruginosa
GCA_016105665.1	Pseudomonas aeruginosa
GCA_016105885.1	Pseudomonas aeruginosa
GCA_016107485.1	Pseudomonas aeruginosa
GCA_016126955.1	Pseudomonas aeruginosa
GCA_016134915.1	Pseudomonas aeruginosa
GCA_016134935.2	Pseudomonas simiae
GCA_016406145.1	Pseudomonas putida
GCA_016413685.1	Pseudomonas chlororaphis subsp. aureofaciens
GCA_016584725.1	Pseudomonas aeruginosa
GCA_016599635.1	Pseudomonas cannabina pv. alisalensis
GCA_016599655.1	Pseudomonas syringae pv. maculicola
GCA_016615645.1	Pseudomonas sp. SW-3
GCA_016694755.2	Pseudomonas syringae
GCA_016728065.1	Pseudomonas fluorescens
GCA_016743035.1	Pseudomonas aeruginosa
GCA_016743115.1	Pseudomonas aeruginosa
GCA_016745115.1	Pseudomonas aeruginosa
GCA_016745135.1	Pseudomonas aeruginosa
GCA_016745155.1	Pseudomonas aeruginosa
GCA_016745175.1	Pseudomonas aeruginosa
GCA_016745195.1	Pseudomonas aeruginosa
GCA_016757635.1	Pseudomonas chlororaphis subsp. aurantiaca
GCA_016772375.1	Pseudomonas sp. SK3(2021)
GCA_016772395.1	Pseudomonas sp. SK2
GCA_016811975.1	Pseudomonas aeruginosa
GCA_016845885.1	Pseudomonas putida
GCA_016859165.1	Pseudomonas granadensis
GCA_016861355.2	Pseudomonas sp. RtIB026
GCA_016861485.1	Pseudomonas alcaligenes
GCA_016864415.1	Pseudomonas aeruginosa
GCA_016919445.1	Pseudomonas sp. PDNC002
GCA_016922515.2	Pseudomonas aeruginosa
GCA_016923395.2	Pseudomonas aeruginosa
GCA_016924255.2	Pseudomonas aeruginosa
GCA_016924475.2	Pseudomonas aeruginosa
GCA_016924585.2	Pseudomonas aeruginosa
GCA_016925455.1	Pseudomonas aeruginosa
GCA_016925475.1	Pseudomonas aeruginosa
GCA_016925575.1	Pseudomonas sp. 15A4
GCA_016925675.1	Pseudomonas hygromyciniae
GCA_017167965.1	Pseudomonas atacamensis
GCA_017167985.1	Pseudomonas toyotomiensis
GCA_017347385.1	Pseudomonas protegens
GCA_017378395.1	Pseudomonas aeruginosa
GCA_017378475.1	Pseudomonas aeruginosa
GCA_017498465.1	Pseudomonas fluorescens
GCA_017604325.1	Pseudomonas corrugata
GCA_017798225.1	Pseudomonas mendocina
GCA_017900915.1	Pseudomonas aeruginosa
GCA_017915135.1	Pseudomonas khazarica
GCA_017922675.1	Pseudomonas chlororaphis
GCA_017922915.1	Pseudomonas chlororaphis
GCA_017922975.1	Pseudomonas chlororaphis
GCA_017923175.1	Pseudomonas protegens
GCA_017923375.1	Pseudomonas protegens
GCA_017927795.1	Pseudomonas protegens
GCA_017948385.1	Pseudomonas fluorescens
GCA_017968885.1	Pseudomonas sp. Tri1
GCA_018138045.1	Pseudomonas aeruginosa
GCA_018138065.1	Pseudomonas aeruginosa
GCA_018141045.1	Pseudomonas putida
GCA_018141565.1	Pseudomonas aeruginosa
GCA_018141625.1	Pseudomonas aeruginosa
GCA_018141645.1	Pseudomonas aeruginosa
GCA_018223845.1	Pseudomonas sp. JS425
GCA_018279245.1	Pseudomonas aeruginosa
GCA_018279265.1	Pseudomonas aeruginosa
GCA_018279285.1	Pseudomonas aeruginosa
GCA_018279305.1	Pseudomonas aeruginosa
GCA_018310475.1	Pseudomonas synxantha
GCA_018324325.1	Pseudomonas amygdali pv. tabaci
GCA_018324425.1	Pseudomonas chlororaphis subsp. aurantiaca
GCA_018325805.1	Pseudomonas sp. St290
GCA_018325865.1	Pseudomonas sp. St386
GCA_018325905.1	Pseudomonas sp. St316
GCA_018325965.1	Pseudomonas sp. Cab53
GCA_018326005.1	Pseudomonas sp. Seg1
GCA_018326065.1	Pseudomonas sp. Ost2
GCA_018326365.1	Pseudomonas sp. Boi14
GCA_018326405.1	Pseudomonas sp. Eqa60
GCA_018343775.1	Pseudomonas cichorii
GCA_018388485.1	Pseudomonas syringae
GCA_018388505.1	Pseudomonas syringae
GCA_018388525.1	Pseudomonas syringae
GCA_018388545.1	Pseudomonas viridiflava
GCA_018394375.1	Pseudomonas syringae
GCA_018398475.1	Pseudomonas qingdaonensis
GCA_018408275.1	Pseudomonas sp. Pc102
GCA_018409365.1	Pseudomonas aeruginosa
GCA_018417555.1	Pseudomonas rhodesiae
GCA_018417575.1	Pseudomonas rhodesiae
GCA_018417595.1	Pseudomonas entomophila
GCA_018417635.1	Pseudomonas sp. SORT22
GCA_018448985.1	Pseudomonas aeruginosa
GCA_018449005.1	Pseudomonas lundensis
GCA_018449025.1	Pseudomonas lundensis
GCA_018502625.1	Pseudomonas hormoni
GCA_018516745.1	Pseudomonas congelans
GCA_018516785.1	Pseudomonas congelans
GCA_018596375.1	Pseudomonas sp. RC3H12
GCA_018598285.3	Pseudomonas aeruginosa
GCA_018603495.1	Pseudomonas amygdali pv. lachrymans
GCA_018968705.1	Pseudomonas lijiangensis
GCA_018986715.1	Pseudomonas aeruginosa
GCA_019056475.1	Pseudomonas sp. AN-B15
GCA_019084125.3	Pseudomonas aeruginosa
GCA_019139535.1	Pseudomonas muyukensis
GCA_019139675.1	Pseudomonas maumuensis
GCA_019139795.1	Pseudomonas azerbaijanorientalis
GCA_019139815.1	Pseudomonas asgharzadehiana
GCA_019139835.1	Pseudomonas xanthosomatis
GCA_019139855.1	Pseudomonas sessilinigenes
GCA_019139875.1	Pseudomonas atacamensis
GCA_019139895.1	Pseudomonas fakonensis
GCA_019141525.1	Pseudomonas alvandae
GCA_019285655.1	Pseudomonas tolaasii
GCA_019334485.1	Pseudomonas amygdali
GCA_019355055.1	Pseudomonas sp. MTM4
GCA_019355435.1	Pseudomonas putida
GCA_019364615.1	Pseudomonas aeruginosa
GCA_019378915.1	Pseudomonas aeruginosa
GCA_019379355.1	Pseudomonas aeruginosa
GCA_019434075.1	Pseudomonas aeruginosa
GCA_019434095.1	Pseudomonas aeruginosa
GCA_019434115.1	Pseudomonas aeruginosa
GCA_019434135.1	Pseudomonas aeruginosa
GCA_019434155.1	Pseudomonas aeruginosa
GCA_019434175.1	Pseudomonas aeruginosa
GCA_019434195.1	Pseudomonas aeruginosa
GCA_019434235.1	Pseudomonas aeruginosa
GCA_019443665.1	Pseudomonas aeruginosa
GCA_019464415.1	Pseudomonas sp. So3.2b
GCA_019466035.1	Pseudomonas protegens
GCA_019466095.1	Pseudomonas aeruginosa
GCA_019466145.1	Pseudomonas aeruginosa
GCA_019599005.1	Pseudomonas sp. S11A 273
GCA_019599025.1	Pseudomonas sp. S07E 245
GCA_019614655.1	Pseudomonas germanica
GCA_019646095.1	Pseudomonas sp. 2hn
GCA_019693255.1	Pseudomonas mandelii
GCA_019702485.1	Pseudomonas sp. ERGC3:05
GCA_019710495.1	Pseudomonas aeruginosa
GCA_019710535.1	Pseudomonas sp. 3-2
GCA_019711215.1	Pseudomonas aeruginosa
GCA_019720855.1	Pseudomonas aeruginosa
GCA_019720875.1	Pseudomonas aeruginosa
GCA_019738995.2	Pseudomonas aeruginosa
GCA_019754235.1	Pseudomonas protegens
GCA_019823005.1	Pseudomonas sp. DR208
GCA_019823065.1	Pseudomonas mosselii
GCA_019823085.1	Pseudomonas sp. DR48
GCA_019856535.1	Pseudomonas sp. SC3(2021)
GCA_019857245.1	Pseudomonas aeruginosa
GCA_019857265.1	Pseudomonas aeruginosa
GCA_019857285.1	Pseudomonas aeruginosa
GCA_019857305.1	Pseudomonas aeruginosa
GCA_019857325.1	Pseudomonas aeruginosa
GCA_019857345.1	Pseudomonas aeruginosa
GCA_019857365.1	Pseudomonas aeruginosa
GCA_019857405.1	Pseudomonas aeruginosa
GCA_019857425.1	Pseudomonas aeruginosa
GCA_019857445.1	Pseudomonas aeruginosa
GCA_019857465.1	Pseudomonas aeruginosa
GCA_019857485.1	Pseudomonas aeruginosa
GCA_019857505.1	Pseudomonas aeruginosa
GCA_019857525.1	Pseudomonas aeruginosa
GCA_019857545.1	Pseudomonas aeruginosa
GCA_019857565.1	Pseudomonas aeruginosa
GCA_019857585.1	Pseudomonas aeruginosa
GCA_019857605.1	Pseudomonas aeruginosa
GCA_019857625.1	Pseudomonas aeruginosa
GCA_019857645.1	Pseudomonas aeruginosa
GCA_019879085.1	Pseudomonas otitidis
GCA_019880365.1	Pseudomonas sp. DNDY-54
GCA_019915445.1	Pseudomonas aeruginosa
GCA_019915465.1	Pseudomonas aeruginosa
GCA_019915485.1	Pseudomonas aeruginosa
GCA_020151015.1	Pseudomonas sp. p1(2021b)
GCA_020204845.1	Pseudomonas amygdali
GCA_020386635.1	Pseudomonas sp. MM211
GCA_020401845.1	Pseudomonas sp. HS-18
GCA_020405165.1	Pseudomonas sp. PS1(2021)
GCA_020422905.1	Pseudomonas lalkuanensis
GCA_020423045.1	Pseudomonas sp. MM213
GCA_020424105.1	Pseudomonas chlororaphis
GCA_020520285.1	Pseudomonas sp. L5B5
GCA_020544405.1	Pseudomonas sp. IAC-BECa141
GCA_020691745.1	Pseudomonas sp. HN2-3
GCA_020736465.1	Pseudomonas sp. HN2
GCA_020771675.1	Pseudomonas aeruginosa
GCA_020771755.1	Pseudomonas aeruginosa
GCA_020790195.1	Pseudomonas sp. HN8-3
GCA_020809085.1	Pseudomonas fluorescens
GCA_020911845.1	Pseudomonas sp. CIP-10
GCA_020917325.1	Pseudomonas savastanoi
GCA_020978345.1	Pseudomonas aeruginosa SG17M
GCA_020990445.1	Pseudomonas aeruginosa
GCA_020990465.1	Pseudomonas aeruginosa
GCA_020990485.1	Pseudomonas aeruginosa
GCA_021018765.1	Pseudomonas fitomaticsae
GCA_021029445.1	Pseudomonas wenzhouensis
GCA_021166255.2	Pseudomonas aeruginosa
GCA_021166275.2	Pseudomonas aeruginosa
GCA_021166295.2	Pseudomonas aeruginosa
GCA_021166315.2	Pseudomonas aeruginosa
GCA_021166335.2	Pseudomonas aeruginosa
GCA_021166355.2	Pseudomonas aeruginosa
GCA_021166375.2	Pseudomonas aeruginosa
GCA_021184245.1	Pseudomonas aeruginosa
GCA_021184265.1	Pseudomonas aeruginosa
GCA_021228675.1	Pseudomonas sp. NIBR-H-19
GCA_021233075.1	Pseudomonas sp. 7-41
GCA_021233455.1	Pseudomonas veronii
GCA_021249245.1	Pseudomonas aeruginosa
GCA_021266605.1	Pseudomonas aeruginosa
GCA_021282525.2	Pseudomonas monteilii
GCA_021282625.2	Pseudomonas monteilii
GCA_021282645.2	Pseudomonas monteilii
GCA_021283055.2	Pseudomonas monteilii
GCA_021283075.2	Pseudomonas alloputida
GCA_021283125.2	Pseudomonas kurunegalensis
GCA_021283165.2	Pseudomonas soli
GCA_021283365.2	Pseudomonas monteilii
GCA_021283375.2	Pseudomonas mosselii
GCA_021283465.2	Pseudomonas asiatica
GCA_021283545.2	Pseudomonas alloputida
GCA_021378395.1	Pseudomonas aeruginosa
GCA_021389915.1	Pseudomonas brassicacearum
GCA_021390155.1	Pseudomonas sp. HN11
GCA_021391435.1	Pseudomonas sivasensis
GCA_021398755.1	Pseudomonas aeruginosa
GCA_021398855.1	Pseudomonas kribbensis
GCA_021432765.1	Pseudomonas phenolilytica
GCA_021460035.1	Pseudomonas aeruginosa
GCA_021495345.2	Pseudomonas hydrolytica
GCA_021497285.1	Pseudomonas aeruginosa
GCA_021497305.1	Pseudomonas aeruginosa
GCA_021497325.1	Pseudomonas aeruginosa
GCA_021497345.2	Pseudomonas aeruginosa
GCA_021497365.2	Pseudomonas aeruginosa
GCA_021497385.1	Pseudomonas aeruginosa
GCA_021497405.1	Pseudomonas aeruginosa
GCA_021497425.1	Pseudomonas aeruginosa
GCA_021497445.1	Pseudomonas aeruginosa
GCA_021497465.1	Pseudomonas monteilii
GCA_021513295.1	Pseudomonas aeruginosa
GCA_021513375.1	Pseudomonas aeruginosa
GCA_021513395.1	Pseudomonas aeruginosa
GCA_021513415.1	Pseudomonas aeruginosa
GCA_021513435.1	Pseudomonas aeruginosa
GCA_021513455.1	Pseudomonas aeruginosa
GCA_021513475.1	Pseudomonas aeruginosa
GCA_021513495.1	Pseudomonas aeruginosa
GCA_021513515.1	Pseudomonas aeruginosa
GCA_021513535.1	Pseudomonas aeruginosa
GCA_021513555.1	Pseudomonas aeruginosa
GCA_021513575.1	Pseudomonas aeruginosa
GCA_021513595.1	Pseudomonas aeruginosa
GCA_021513615.1	Pseudomonas aeruginosa
GCA_021513635.1	Pseudomonas aeruginosa
GCA_021513675.1	Pseudomonas aeruginosa
GCA_021560055.1	Pseudomonas sp. BC42
GCA_021560075.1	Pseudomonas juntendi
GCA_021601605.3	Pseudomonas aeruginosa
GCA_021601685.2	Pseudomonas aeruginosa
GCA_021601745.3	Pseudomonas aeruginosa
GCA_021644285.3	Pseudomonas aeruginosa
GCA_021644425.2	Pseudomonas aeruginosa
GCA_021644505.2	Pseudomonas aeruginosa
GCA_021645225.2	Pseudomonas aeruginosa
GCA_021645325.2	Pseudomonas aeruginosa
GCA_021645445.2	Pseudomonas aeruginosa
GCA_021650705.1	Pseudomonas sp. KNUC1026
GCA_021654315.1	Pseudomonas alcaligenes
GCA_021660795.4	Pseudomonas aeruginosa
GCA_021660815.2	Pseudomonas aeruginosa
GCA_021660875.3	Pseudomonas aeruginosa
GCA_021661475.3	Pseudomonas aeruginosa
GCA_021661615.2	Pseudomonas aeruginosa
GCA_021661655.3	Pseudomonas aeruginosa
GCA_021664795.2	Pseudomonas aeruginosa
GCA_021666815.3	Pseudomonas aeruginosa
GCA_021666875.3	Pseudomonas aeruginosa
GCA_021669275.3	Pseudomonas aeruginosa
GCA_021669335.3	Pseudomonas aeruginosa
GCA_021669535.2	Pseudomonas aeruginosa
GCA_021725455.1	Pseudomonas juntendi
GCA_022023875.1	Pseudomonas fluorescens
GCA_022026035.1	Pseudomonas savastanoi pv. savastanoi
GCA_022213165.2	Pseudomonas aeruginosa
GCA_022354785.1	Pseudomonas putida
GCA_022424055.2	Pseudomonas aeruginosa
GCA_022453765.1	Pseudomonas aeruginosa
GCA_022453825.1	Pseudomonas aeruginosa
GCA_022475555.3	Pseudomonas aeruginosa
GCA_022533565.1	Pseudomonas azotoformans
GCA_022533585.1	Pseudomonas sp. LS.1a
GCA_022537035.1	Pseudomonas sp. MPFS
GCA_022557235.1	Pseudomonas syringae pv. helianthi
GCA_022557255.1	Pseudomonas syringae pv. tagetis
GCA_022559545.1	Pseudomonas aeruginosa
GCA_022569855.1	Pseudomonas aeruginosa
GCA_022569895.1	Pseudomonas aeruginosa
GCA_022569915.1	Pseudomonas aeruginosa
GCA_022569935.1	Pseudomonas aeruginosa
GCA_022569975.1	Pseudomonas aeruginosa
GCA_022569995.1	Pseudomonas aeruginosa
GCA_022570115.1	Pseudomonas aeruginosa
GCA_022570235.1	Pseudomonas aeruginosa
GCA_022570415.1	Pseudomonas aeruginosa
GCA_022570435.1	Pseudomonas aeruginosa
GCA_022570455.1	Pseudomonas aeruginosa
GCA_022570475.1	Pseudomonas aeruginosa
GCA_022593675.3	Pseudomonas aeruginosa
GCA_022637535.1	Pseudomonas simiae
GCA_022637915.1	Pseudomonas aeruginosa
GCA_022638055.1	Pseudomonas aeruginosa
GCA_022638175.1	Pseudomonas aeruginosa
GCA_022648765.1	Pseudomonas sp. ArH3a
GCA_022649105.1	Pseudomonas aeruginosa
GCA_022649245.1	Pseudomonas aeruginosa
GCA_022670795.1	Pseudomonas aeruginosa
GCA_022699445.1	Pseudomonas sp. I3-I5
GCA_022699485.1	Pseudomonas aeruginosa
GCA_022699505.1	Pseudomonas aeruginosa
GCA_022699525.1	Pseudomonas aeruginosa
GCA_022700635.2	Pseudomonas aeruginosa
GCA_022760135.1	Pseudomonas sp. M1
GCA_022807995.1	Pseudomonas orientalis
GCA_022810825.1	Pseudomonas aeruginosa CI27
GCA_022810865.1	Pseudomonas aeruginosa
GCA_022810885.1	Pseudomonas aeruginosa
GCA_022810905.1	Pseudomonas aeruginosa
GCA_022810925.1	Pseudomonas aeruginosa
GCA_022810945.1	Pseudomonas aeruginosa
GCA_022810965.1	Pseudomonas aeruginosa
GCA_022810985.1	Pseudomonas aeruginosa
GCA_022811005.1	Pseudomonas aeruginosa
GCA_022811025.1	Pseudomonas aeruginosa
GCA_022811045.1	Pseudomonas aeruginosa
GCA_022811065.1	Pseudomonas aeruginosa
GCA_022811805.1	Pseudomonas aeruginosa
GCA_022836895.1	Pseudomonas palleroniana
GCA_022870025.1	Pseudomonas aeruginosa
GCA_022870525.1	Pseudomonas aeruginosa
GCA_022870545.1	Pseudomonas aeruginosa
GCA_022870565.1	Pseudomonas aeruginosa
GCA_022870785.1	Pseudomonas palleroniana
GCA_022915975.2	Pseudomonas aeruginosa
GCA_022916475.3	Pseudomonas aeruginosa
GCA_023065975.1	Pseudomonas mosselii
GCA_023066825.1	Pseudomonas aeruginosa
GCA_023066845.1	Pseudomonas aeruginosa
GCA_023066865.1	Pseudomonas aeruginosa
GCA_023093875.1	Pseudomonas chengduensis
GCA_023093935.1	Pseudomonas aeruginosa
GCA_023093975.1	Pseudomonas aeruginosa
GCA_023100865.1	Pseudomonas sp. A2
GCA_023101265.1	Pseudomonas aeruginosa
GCA_023101285.1	Pseudomonas aeruginosa
GCA_023101305.1	Pseudomonas aeruginosa
GCA_023167685.1	Pseudomonas syringae pv. actinidiae
GCA_023169845.1	Pseudomonas sp. CYM-20-01
GCA_023195795.1	Pseudomonas knackmussii
GCA_023207855.1	Pseudomonas amygdali pv. loropetali
GCA_023221695.1	Pseudomonas putida
GCA_023272755.1	Pseudomonas aeruginosa
GCA_023277925.1	Pseudomonas entomophila
GCA_023277945.1	Pseudomonas syringae pv. syringae
GCA_023278085.1	Pseudomonas syringae
GCA_023278105.1	Pseudomonas tremae
GCA_023278125.1	Pseudomonas tremae
GCA_023278405.1	Pseudomonas shirazica
GCA_023330585.1	Pseudomonas bijieensis
GCA_023375815.1	Pseudomonas sp. HS6
GCA_023380065.1	Pseudomonas aeruginosa
GCA_023380185.1	Pseudomonas chlororaphis subsp. piscium
GCA_023497985.1	Pseudomonas viridiflava
GCA_023509015.1	Pseudomonas sp. PIA16
GCA_023515865.1	Pseudomonas avellanae
GCA_023515885.1	Pseudomonas avellanae
GCA_023517795.1	Pseudomonas fulva
GCA_023520735.1	Pseudomonas aeruginosa
GCA_023546785.1	Pseudomonas sp. BYT-5
GCA_023571485.1	Pseudomonas aeruginosa
GCA_023611805.1	Pseudomonas sp. BYT-1
GCA_023612115.1	Pseudomonas frederiksbergensis
GCA_023612335.1	Pseudomonas aeruginosa
GCA_023615765.2	Pseudomonas aeruginosa
GCA_023639195.1	Pseudomonas protegens
GCA_023651955.1	Pseudomonas sp. Y39-6
GCA_023822305.1	Pseudomonas aeruginosa
GCA_024023035.1	Pseudomonas kermanshahensis
GCA_024072135.1	Pseudomonas moraviensis
GCA_024072215.1	Pseudomonas moraviensis
GCA_024072235.1	Pseudomonas moraviensis
GCA_024072255.1	Pseudomonas siliginis
GCA_024072275.1	Pseudomonas siliginis
GCA_024072295.1	Pseudomonas siliginis
GCA_024072315.1	Pseudomonas siliginis
GCA_024072335.1	Pseudomonas siliginis
GCA_024072355.1	Pseudomonas siliginis
GCA_024089375.1	Pseudomonas aeruginosa
GCA_024089395.1	Pseudomonas aeruginosa
GCA_024112395.1	Pseudomonas pergaminensis
GCA_024123855.1	Pseudomonas proteolytica
GCA_024123875.1	Pseudomonas proteolytica
GCA_024125675.1	Pseudomonas putida
GCA_024126335.1	Pseudomonas aeruginosa
GCA_024126355.1	Pseudomonas aeruginosa
GCA_024205205.1	Pseudomonas sp. KHPS1
GCA_024205225.1	Pseudomonas hydrolytica
GCA_024266625.1	Pseudomonas putida
GCA_024266685.1	Pseudomonas fluorescens
GCA_024266805.1	Pseudomonas aeruginosa
GCA_024266915.1	Pseudomonas aeruginosa
GCA_024266935.1	Pseudomonas aeruginosa
GCA_024296925.1	Pseudomonas nunensis
GCA_024300845.1	Pseudomonas aeruginosa
GCA_024349685.1	Pseudomonas sp. LRP2-20
GCA_024397355.1	Pseudomonas aeruginosa
GCA_024397895.1	Pseudomonas benzenivorans
GCA_024494485.1	Pseudomonas asiatica
GCA_024496105.1	Pseudomonas citronellolis
GCA_024507915.1	Pseudomonas aeruginosa
GCA_024507955.1	Pseudomonas aeruginosa
GCA_024508115.1	Pseudomonas putida
GCA_024584495.1	Pseudomonas aeruginosa
GCA_024584585.1	Pseudomonas ficuserectae
GCA_024584605.1	Pseudomonas extremorientalis
GCA_024610595.1	Pseudomonas zeae
GCA_024610635.1	Pseudomonas sp. T8
GCA_024652905.1	Pseudomonas psychrotolerans
GCA_024652945.3	Pseudomonas aeruginosa
GCA_024662315.1	Pseudomonas putida
GCA_024662335.1	Pseudomonas putida
GCA_024662355.1	Pseudomonas putida
GCA_024730785.1	Pseudomonas sp. LS44
GCA_024731685.1	Pseudomonas chlororaphis
GCA_024734645.1	Pseudomonas sp. CBS
GCA_024734795.1	Pseudomonas aeruginosa
GCA_024734815.1	Pseudomonas aeruginosa
GCA_024741815.1	Pseudomonas sp. LS1212
GCA_024748535.1	Pseudomonas sichuanensis
GCA_024748615.1	Pseudomonas sp. B21-048
GCA_024748635.1	Pseudomonas donghuensis
GCA_024748655.1	Pseudomonas donghuensis
GCA_024748675.1	Pseudomonas sp. B21-041
GCA_024748695.1	Pseudomonas sp. B21-040
GCA_024748715.1	Pseudomonas moraviensis
GCA_024748735.1	Pseudomonas sp. B21-044
GCA_024748755.1	Pseudomonas rhodesiae
GCA_024748775.1	Pseudomonas sp. B21-047
GCA_024748795.1	Pseudomonas sp. B21-051
GCA_024748815.1	Pseudomonas atacamensis
GCA_024748895.1	Pseudomonas atacamensis
GCA_024748925.1	Pseudomonas sp. B21-036
GCA_024748945.1	Pseudomonas sp. B21-035
GCA_024748965.1	Pseudomonas sp. B21-032
GCA_024748985.1	Pseudomonas sp. B21-031
GCA_024749005.1	Pseudomonas protegens
GCA_024749025.1	Pseudomonas putida
GCA_024749045.1	Pseudomonas sp. B21-028
GCA_024749065.1	Pseudomonas sichuanensis
GCA_024749085.1	Pseudomonas siliginis
GCA_024749105.1	Pseudomonas atacamensis
GCA_024749125.1	Pseudomonas laurylsulfatiphila
GCA_024749145.1	Pseudomonas protegens
GCA_024749165.1	Pseudomonas sp. B21-023
GCA_024749185.1	Pseudomonas wadenswilerensis
GCA_024749205.1	Pseudomonas sp. B21-021
GCA_024749225.1	Pseudomonas sp. B21-019
GCA_024749245.1	Pseudomonas sp. B21-017
GCA_024749265.1	Pseudomonas brassicacearum
GCA_024749285.1	Pseudomonas sp. B21-015
GCA_024749305.1	Pseudomonas sp. B21-012
GCA_024749325.1	Pseudomonas sp. B21-010
GCA_024749345.1	Pseudomonas sp. B21-009
GCA_024749365.1	Pseudomonas canavaninivorans
GCA_024752495.1	Pseudomonas mosselii
GCA_024760445.1	Pseudomonas aeruginosa
GCA_024803805.1	Pseudomonas aeruginosa
GCA_024922265.2	Pseudomonas aeruginosa
GCA_024970185.1	Pseudomonas sp. N3-W
GCA_024971855.1	Pseudomonas sp. HD6515
GCA_024972855.1	Pseudomonas aeruginosa
GCA_025021565.1	Pseudomonas aeruginosa
GCA_025021745.1	Pseudomonas aeruginosa
GCA_025079255.1	Pseudomonas aeruginosa TBCF10839
GCA_025133575.1	Pseudomonas sp. GCEP-101
GCA_025163535.1	Pseudomonas mosselii
GCA_025200845.1	Pseudomonas aeruginosa
GCA_025244965.1	Pseudomonas aeruginosa
GCA_025263585.1	Pseudomonas aeruginosa
GCA_025263605.1	Pseudomonas aeruginosa
GCA_025263645.1	Pseudomonas juntendi
GCA_025263705.1	Pseudomonas aeruginosa
GCA_025398015.1	Pseudomonas promysalinigenes
GCA_025398075.1	Pseudomonas aeruginosa
GCA_025398095.1	Pseudomonas aeruginosa
GCA_025398115.1	Pseudomonas aeruginosa
GCA_025398135.1	Pseudomonas aeruginosa
GCA_025398795.1	Pseudomonas citronellolis
GCA_025398835.1	Pseudomonas aeruginosa
GCA_025426255.1	Pseudomonas fragi
GCA_025452135.1	Pseudomonas aeruginosa
GCA_025561665.1	Pseudomonas fluorescens
GCA_025580225.2	Pseudomonas aeruginosa
GCA_025642275.1	Pseudomonas tohonis
GCA_025642995.1	Pseudomonas sp. YeP6b
GCA_025643095.1	Pseudomonas phytophila
GCA_025723085.1	Pseudomonas aeruginosa
GCA_025736955.1	Pseudomonas aeruginosa
GCA_025736975.1	Pseudomonas aeruginosa
GCA_025790885.1	Pseudomonas aeruginosa
GCA_025792515.1	Pseudomonas aeruginosa
GCA_025792535.1	Pseudomonas aeruginosa
GCA_025792555.1	Pseudomonas aeruginosa
GCA_025792575.1	Pseudomonas aeruginosa
GCA_025792595.1	Pseudomonas aeruginosa
GCA_025792615.1	Pseudomonas aeruginosa
GCA_025792635.1	Pseudomonas aeruginosa
GCA_025792655.1	Pseudomonas aeruginosa
GCA_025792675.1	Pseudomonas aeruginosa
GCA_025837155.1	Pseudomonas sp. Z8(2022)
GCA_025847435.1	Pseudomonas sp. BT-42-2
GCA_025853855.1	Pseudomonas asiatica
GCA_025905425.1	Pseudomonas putida
GCA_025905485.1	Pseudomonas putida
GCA_025908315.1	Pseudomonas aeruginosa
GCA_025985465.1	Pseudomonas aeruginosa
GCA_025985485.1	Pseudomonas syringae
GCA_025985505.1	Pseudomonas putida
GCA_025985525.1	Pseudomonas viridiflava
GCA_026016265.1	Pseudomonas viciae
GCA_026016285.1	Pseudomonas sp. B21-059
GCA_026016305.1	Pseudomonas asplenii
GCA_026016325.1	Pseudomonas sp. B21-056
GCA_026016345.1	Pseudomonas sp. B21-054
GCA_026016365.1	Pseudomonas sp. B21-053
GCA_026016485.1	Pseudomonas corrugata
GCA_026016505.1	Pseudomonas mediterranea
GCA_026016525.1	Pseudomonas corrugata
GCA_026072635.1	Pseudomonas solani
GCA_026153515.1	Pseudomonas sp. KU26590
GCA_026170095.1	Pseudomonas kielensis
GCA_026183455.1	Pseudomonas putida DOT-T1E
GCA_026261625.1	Pseudomonas syringae
GCA_026261685.1	Pseudomonas syringae
GCA_026261705.1	Pseudomonas syringae
GCA_026314255.1	Pseudomonas chengduensis
GCA_026314355.1	Pseudomonas koreensis
GCA_026410105.1	Pseudomonas quebecensis
GCA_026410125.1	Pseudomonas quebecensis
GCA_026428275.1	Pseudomonas sp. B111
GCA_026428315.1	Pseudomonas putida
GCA_026428335.1	Pseudomonas protegens
GCA_026503285.1	Pseudomonas mendocina
GCA_026625105.1	Pseudomonas citronellolis
GCA_026625125.1	Pseudomonas putida
GCA_026625905.1	Pseudomonas aeruginosa
GCA_026636135.1	Pseudomonas aeruginosa
GCA_026636195.1	Pseudomonas aeruginosa
GCA_026651425.1	Pseudomonas otitidis
GCA_026651855.1	Pseudomonas silvicola
GCA_026686735.1	Pseudomonas triclosanedens
GCA_026723825.1	Pseudomonas sp. GOM7
GCA_026727695.1	Pseudomonas aeruginosa
GCA_026727715.1	Pseudomonas aeruginosa
GCA_026727735.1	Pseudomonas aeruginosa
GCA_026727755.1	Pseudomonas aeruginosa
GCA_026810445.1	Pseudomonas sp. BSw22131
GCA_026870135.1	Pseudomonas aeruginosa
GCA_026898135.2	Pseudomonas putida
GCA_026967615.1	Pseudomonas sp. GXZC
GCA_027171385.1	Pseudomonas aeruginosa
GCA_027359235.1	Pseudomonas aeruginosa
GCA_027569775.1	Pseudomonas citronellolis
GCA_027570415.1	Pseudomonas aeruginosa
GCA_027570435.1	Pseudomonas aeruginosa
GCA_027570455.1	Pseudomonas aeruginosa
GCA_027570475.1	Pseudomonas aeruginosa
GCA_027570495.1	Pseudomonas aeruginosa
GCA_027570515.1	Pseudomonas aeruginosa
GCA_027570535.1	Pseudomonas aeruginosa
GCA_027570555.1	Pseudomonas aeruginosa
GCA_027570575.1	Pseudomonas aeruginosa
GCA_027570595.1	Pseudomonas aeruginosa
GCA_027570615.1	Pseudomonas aeruginosa
GCA_027570635.1	Pseudomonas aeruginosa
GCA_027570655.1	Pseudomonas aeruginosa
GCA_027570675.1	Pseudomonas aeruginosa
GCA_027570715.1	Pseudomonas aeruginosa
GCA_027570735.1	Pseudomonas aeruginosa
GCA_027570755.1	Pseudomonas aeruginosa
GCA_027570775.1	Pseudomonas aeruginosa
GCA_027570795.1	Pseudomonas aeruginosa
GCA_027570815.1	Pseudomonas aeruginosa
GCA_027570835.1	Pseudomonas aeruginosa
GCA_027570855.1	Pseudomonas aeruginosa
GCA_027570875.1	Pseudomonas aeruginosa
GCA_027570895.1	Pseudomonas aeruginosa
GCA_027570915.1	Pseudomonas aeruginosa
GCA_027570935.1	Pseudomonas aeruginosa
GCA_027570955.1	Pseudomonas aeruginosa
GCA_027570975.1	Pseudomonas aeruginosa
GCA_027570995.1	Pseudomonas aeruginosa
GCA_027571015.1	Pseudomonas aeruginosa
GCA_027571035.1	Pseudomonas aeruginosa
GCA_027571055.1	Pseudomonas aeruginosa
GCA_027571075.1	Pseudomonas aeruginosa
GCA_027571095.1	Pseudomonas aeruginosa
GCA_027571115.1	Pseudomonas aeruginosa
GCA_027571135.1	Pseudomonas aeruginosa
GCA_027571155.1	Pseudomonas aeruginosa
GCA_027571175.1	Pseudomonas aeruginosa
GCA_027571195.1	Pseudomonas aeruginosa
GCA_027571215.1	Pseudomonas aeruginosa
GCA_027571285.1	Pseudomonas aeruginosa
GCA_027571305.1	Pseudomonas aeruginosa
GCA_027571325.1	Pseudomonas aeruginosa
GCA_027571345.1	Pseudomonas aeruginosa
GCA_027571365.1	Pseudomonas aeruginosa
GCA_027594685.1	Pseudomonas aeruginosa
GCA_027594965.1	Pseudomonas aeruginosa
GCA_027594985.1	Pseudomonas aeruginosa
GCA_027595005.1	Pseudomonas aeruginosa
GCA_027595025.1	Pseudomonas aeruginosa
GCA_027595085.1	Pseudomonas putida
GCA_027595145.1	Pseudomonas sp. NY11382
GCA_027886605.1	Pseudomonas putida
GCA_027886645.1	Pseudomonas putida
GCA_027886665.1	Pseudomonas putida
GCA_027915295.1	Pseudomonas tohonis
GCA_028010285.1	Pseudomonas sp. Q1-7
GCA_028053955.3	Pseudomonas aeruginosa
GCA_028198105.1	Pseudomonas sp. TUM22785
GCA_028198185.1	Pseudomonas sp. JBR1
GCA_028215955.1	Pseudomonas syringae pv. actinidiae
GCA_028366335.3	Pseudomonas aeruginosa
GCA_028366415.3	Pseudomonas aeruginosa
GCA_028366535.3	Pseudomonas aeruginosa
GCA_028370115.1	Pseudomonas capeferrum
GCA_028403965.1	Pseudomonas aeruginosa
GCA_028403985.1	Pseudomonas aeruginosa
GCA_028404005.1	Pseudomonas aeruginosa
GCA_028404025.1	Pseudomonas aeruginosa
GCA_028404045.1	Pseudomonas aeruginosa
GCA_028404065.1	Pseudomonas aeruginosa
GCA_028404085.1	Pseudomonas aeruginosa
GCA_028404105.1	Pseudomonas aeruginosa
GCA_028471945.1	Pseudomonas sp. WJP1
GCA_028595525.2	Pseudomonas aeruginosa
GCA_028595865.2	Pseudomonas aeruginosa
GCA_028607125.1	Pseudomonas aeruginosa
GCA_028607145.1	Pseudomonas aeruginosa
GCA_028607165.1	Pseudomonas aeruginosa
GCA_028607185.1	Pseudomonas aeruginosa
GCA_028607205.1	Pseudomonas aeruginosa
GCA_028607225.1	Pseudomonas aeruginosa
GCA_028607245.1	Pseudomonas aeruginosa
GCA_028607265.1	Pseudomonas aeruginosa
GCA_028607285.1	Pseudomonas aeruginosa
GCA_028607305.1	Pseudomonas aeruginosa
GCA_028607345.1	Pseudomonas aeruginosa
GCA_028607365.1	Pseudomonas aeruginosa
GCA_028607385.1	Pseudomonas aeruginosa
GCA_028608485.1	Pseudomonas aeruginosa
GCA_028608505.1	Pseudomonas aeruginosa
GCA_028608525.1	Pseudomonas aeruginosa
GCA_028608565.1	Pseudomonas aeruginosa
GCA_028608585.1	Pseudomonas aeruginosa
GCA_028608605.1	Pseudomonas aeruginosa
GCA_028608625.1	Pseudomonas aeruginosa
GCA_028608645.1	Pseudomonas aeruginosa
GCA_028608665.1	Pseudomonas aeruginosa
GCA_028608685.1	Pseudomonas aeruginosa
GCA_028608705.1	Pseudomonas aeruginosa
GCA_028608725.1	Pseudomonas aeruginosa
GCA_028608745.1	Pseudomonas aeruginosa
GCA_028608765.1	Pseudomonas aeruginosa
GCA_028608785.1	Pseudomonas aeruginosa
GCA_028608805.1	Pseudomonas aeruginosa
GCA_028608825.1	Pseudomonas aeruginosa
GCA_028608845.1	Pseudomonas aeruginosa
GCA_028608865.1	Pseudomonas aeruginosa
GCA_028608885.1	Pseudomonas aeruginosa
GCA_028608905.1	Pseudomonas aeruginosa
GCA_028608925.1	Pseudomonas aeruginosa
GCA_028608945.1	Pseudomonas aeruginosa
GCA_028608965.1	Pseudomonas aeruginosa
GCA_028608985.1	Pseudomonas aeruginosa
GCA_028609005.1	Pseudomonas aeruginosa
GCA_028609025.1	Pseudomonas aeruginosa
GCA_028609045.1	Pseudomonas aeruginosa
GCA_028609065.1	Pseudomonas aeruginosa
GCA_028609085.1	Pseudomonas aeruginosa
GCA_028609105.1	Pseudomonas aeruginosa
GCA_028609125.1	Pseudomonas aeruginosa
GCA_028609145.1	Pseudomonas aeruginosa
GCA_028609185.1	Pseudomonas aeruginosa
GCA_028609205.1	Pseudomonas aeruginosa
GCA_028609225.1	Pseudomonas aeruginosa
GCA_028609245.1	Pseudomonas aeruginosa
GCA_028609265.1	Pseudomonas aeruginosa
GCA_028609285.1	Pseudomonas aeruginosa
GCA_028609305.1	Pseudomonas aeruginosa
GCA_028609325.1	Pseudomonas aeruginosa
GCA_028609345.1	Pseudomonas aeruginosa
GCA_028609365.1	Pseudomonas aeruginosa
GCA_028609385.1	Pseudomonas aeruginosa
GCA_028609405.1	Pseudomonas aeruginosa
GCA_028609425.1	Pseudomonas aeruginosa
GCA_028609445.1	Pseudomonas aeruginosa
GCA_028609465.1	Pseudomonas aeruginosa
GCA_028609485.1	Pseudomonas aeruginosa
GCA_028609505.1	Pseudomonas aeruginosa
GCA_028609525.1	Pseudomonas aeruginosa
GCA_028609545.1	Pseudomonas aeruginosa
GCA_028609565.1	Pseudomonas aeruginosa
GCA_028609585.1	Pseudomonas aeruginosa
GCA_028609605.1	Pseudomonas aeruginosa
GCA_028609905.1	Pseudomonas aeruginosa
GCA_028609925.1	Pseudomonas aeruginosa
GCA_028609945.1	Pseudomonas aeruginosa
GCA_028609965.1	Pseudomonas aeruginosa
GCA_028609985.1	Pseudomonas aeruginosa
GCA_028610005.1	Pseudomonas aeruginosa
GCA_028610025.1	Pseudomonas aeruginosa
GCA_028610045.1	Pseudomonas aeruginosa
GCA_028610065.1	Pseudomonas aeruginosa
GCA_028610105.1	Pseudomonas aeruginosa
GCA_028610145.1	Pseudomonas aeruginosa
GCA_028610165.1	Pseudomonas aeruginosa
GCA_028610185.1	Pseudomonas aeruginosa
GCA_028610205.1	Pseudomonas aeruginosa
GCA_028622015.1	Pseudomonas aeruginosa
GCA_028622895.1	Pseudomonas aeruginosa
GCA_028743595.1	Pseudomonas aeruginosa
GCA_028747225.1	Pseudomonas synxantha
GCA_028747245.1	Pseudomonas chlororaphis
GCA_028747265.1	Pseudomonas chlororaphis
GCA_028747285.1	Pseudomonas chlororaphis
GCA_028747305.1	Pseudomonas chlororaphis
GCA_028747325.1	Pseudomonas chlororaphis
GCA_028747345.1	Pseudomonas chlororaphis
GCA_028747365.1	Pseudomonas chlororaphis
GCA_028747385.1	Pseudomonas chlororaphis
GCA_028747405.1	Pseudomonas chlororaphis
GCA_028747425.1	Pseudomonas chlororaphis
GCA_028747445.1	Pseudomonas chlororaphis
GCA_028747465.1	Pseudomonas chlororaphis
GCA_028747485.1	Pseudomonas chlororaphis
GCA_028747505.1	Pseudomonas chlororaphis
GCA_028747525.1	Pseudomonas chlororaphis
GCA_028747545.1	Pseudomonas chlororaphis
GCA_028747565.1	Pseudomonas chlororaphis
GCA_028747585.1	Pseudomonas chlororaphis
GCA_028747605.1	Pseudomonas chlororaphis
GCA_028747925.1	Pseudomonas chlororaphis
GCA_028747945.1	Pseudomonas chlororaphis
GCA_028747965.1	Pseudomonas chlororaphis
GCA_028751785.1	Pseudomonas aeruginosa
GCA_028751975.1	Pseudomonas sp. NEEL19
GCA_028752155.1	Pseudomonas asiatica
GCA_028898945.1	Pseudomonas sp. PSKL.D1
GCA_028961985.1	Pseudomonas aeruginosa
GCA_028994055.1	Pseudomonas juntendi
GCA_029201245.1	Pseudomonas aeruginosa
GCA_029201425.1	Pseudomonas sp. 273
GCA_029201585.1	Pseudomonas sp. SD17-1
GCA_029201605.1	Pseudomonas sp. FJ2-5-13
GCA_029202425.1	Candidatus Pseudomonas colombiensis
GCA_029202505.1	Pseudomonas protegens
GCA_029202525.1	Candidatus Pseudomonas phytovorans
GCA_029203285.1	Pseudomonas sp. PSE14
GCA_029215525.1	Pseudomonas sp. CBSPBW29
GCA_029215585.1	Pseudomonas kermanshahensis
GCA_029215815.1	Pseudomonas sp. CBSPGW29
GCA_029215835.1	Pseudomonas sp. CBSPCGW29
GCA_029215855.1	Pseudomonas sp. CBSPAW29
GCA_029215895.1	Pseudomonas sp. CBSPCAW29
GCA_029215915.1	Pseudomonas sp. CBSPCBW29
GCA_029320995.1	Pseudomonas sp. D3
GCA_029371965.1	Pseudomonas mendocina
GCA_029457395.1	Pseudomonas nitroreducens
GCA_029457475.1	Pseudomonas sp. AA-38
GCA_029457515.1	Pseudomonas sp. G11
GCA_029537255.1	Pseudomonas sp. NyZ480
GCA_029543085.1	Pseudomonas sp. A34-9
GCA_029590515.1	Pseudomonas putida
GCA_029691665.1	Pseudomonas sp. 905_Psudmo1
GCA_029814875.1	Pseudomonas oleovorans
GCA_029814935.1	Pseudomonas sp. GD03919
GCA_029814955.1	Pseudomonas sp. GD03721
GCA_029854965.1	Pseudomonas amygdali pv. aesculi
GCA_029854985.1	Pseudomonas amygdali pv. aesculi
GCA_029855005.1	Pseudomonas amygdali pv. aesculi
GCA_029855025.1	Pseudomonas amygdali pv. aesculi
GCA_029856995.1	Pseudomonas aeruginosa
GCA_029857015.1	Pseudomonas aeruginosa
GCA_029866525.1	Pseudomonas migulae
GCA_029906485.1	Pseudomonas viciae
GCA_029916825.1	Pseudomonas aeruginosa
GCA_029916865.1	Pseudomonas marginalis
GCA_029916925.1	Pseudomonas atacamensis
GCA_029952805.1	Pseudomonas sp. P13
GCA_029953615.1	Pseudomonas putida
GCA_029958385.1	Pseudomonas aeruginosa
GCA_029961245.1	Pseudomonas aeruginosa
GCA_029961265.1	Pseudomonas aeruginosa
GCA_029961285.1	Pseudomonas aeruginosa
GCA_029961305.1	Pseudomonas aeruginosa
GCA_029961325.1	Pseudomonas aeruginosa
GCA_029961345.1	Pseudomonas aeruginosa
GCA_029961365.1	Pseudomonas aeruginosa
GCA_029961385.1	Pseudomonas aeruginosa
GCA_029961405.1	Pseudomonas aeruginosa
GCA_029961425.1	Pseudomonas aeruginosa
GCA_029961445.1	Pseudomonas aeruginosa
GCA_029961465.1	Pseudomonas aeruginosa
GCA_029961485.1	Pseudomonas aeruginosa
GCA_029961505.1	Pseudomonas aeruginosa
GCA_029961525.1	Pseudomonas aeruginosa
GCA_029961545.1	Pseudomonas aeruginosa
GCA_029961565.1	Pseudomonas aeruginosa
GCA_029961585.1	Pseudomonas aeruginosa
GCA_029961605.1	Pseudomonas aeruginosa
GCA_029961625.1	Pseudomonas aeruginosa
GCA_029961645.1	Pseudomonas aeruginosa
GCA_029961665.1	Pseudomonas aeruginosa
GCA_029962145.1	Pseudomonas aeruginosa
GCA_029962165.1	Pseudomonas aeruginosa
GCA_029962185.1	Pseudomonas aeruginosa
GCA_029962205.1	Pseudomonas aeruginosa
GCA_030012805.1	Pseudomonas sp. Ap32
GCA_030016165.2	Pseudomonas piscis
GCA_030020925.1	Pseudomonas juntendi
GCA_030028275.1	Pseudomonas aeruginosa
GCA_030034615.1	Pseudomonas aeruginosa
GCA_030034635.1	Pseudomonas aeruginosa
GCA_030034655.1	Pseudomonas aeruginosa
GCA_030034675.1	Pseudomonas aeruginosa
GCA_030035225.1	Pseudomonas syringae pv. syringae
GCA_030053095.1	Pseudomonas sp. PMCC200344
GCA_030053115.1	Pseudomonas sp. PMCC200367
GCA_030064105.1	Pseudomonas brassicacearum
GCA_030064125.1	Pseudomonas sp. G2-4
GCA_030121855.1	Pseudomonas aeruginosa
GCA_030121875.1	Pseudomonas aeruginosa
GCA_030121895.1	Pseudomonas aeruginosa
GCA_030121915.1	Pseudomonas aeruginosa
GCA_030121935.1	Pseudomonas aeruginosa
GCA_030121955.1	Pseudomonas aeruginosa
GCA_030121975.1	Pseudomonas aeruginosa
GCA_030121995.1	Pseudomonas aeruginosa
GCA_030122015.1	Pseudomonas aeruginosa
GCA_030122035.1	Pseudomonas aeruginosa
GCA_030122055.1	Pseudomonas aeruginosa
GCA_030122075.1	Pseudomonas aeruginosa
GCA_030122095.1	Pseudomonas aeruginosa
GCA_030122115.1	Pseudomonas aeruginosa
GCA_030122135.1	Pseudomonas aeruginosa
GCA_030122155.1	Pseudomonas aeruginosa
GCA_030144705.1	Pseudomonas rhodesiae
GCA_030166435.1	Pseudomonas otitidis
GCA_030179725.1	Pseudomonas aeruginosa
GCA_030179745.1	Pseudomonas aeruginosa
GCA_030179765.1	Pseudomonas aeruginosa
GCA_030183355.2	Pseudomonas aeruginosa
GCA_030183855.2	Pseudomonas aeruginosa
GCA_030185815.2	Pseudomonas aeruginosa
GCA_030185915.2	Pseudomonas aeruginosa
GCA_030186885.2	Pseudomonas aeruginosa
GCA_030252405.1	Pseudomonas syringae pv. antirrhini str. 126
GCA_030252675.1	Pseudomonas amygdali pv. lachrymans
GCA_030253475.1	Pseudomonas aeruginosa
GCA_030263805.2	Pseudomonas sp. FeN3W
GCA_030263955.1	Pseudomonas sp. M2(2023)
GCA_030264075.1	Pseudomonas aeruginosa PA14
GCA_030284425.1	Pseudomonas sp. AR5
GCA_030284445.1	Pseudomonas tohonis
GCA_030291635.1	Pseudomonas kurunegalensis
GCA_030291675.1	Pseudomonas asiatica
GCA_030316095.1	Pseudomonas aeruginosa
GCA_030323645.1	Pseudomonas guguanensis
GCA_030344995.1	Pseudomonas fluorescens
GCA_030366015.2	Pseudomonas aeruginosa
GCA_030368395.2	Pseudomonas aeruginosa
GCA_030368495.2	Pseudomonas aeruginosa
GCA_030369815.1	Pseudomonas aeruginosa
GCA_030369835.1	Pseudomonas aeruginosa
GCA_030369855.1	Pseudomonas aeruginosa
GCA_030369875.1	Pseudomonas asiatica
GCA_030370415.1	Pseudomonas defluvii
GCA_030370465.1	Pseudomonas brenneri
GCA_030374125.1	Pseudomonas sp. SO81
GCA_030388285.1	Pseudomonas aeruginosa
GCA_030388745.1	Pseudomonas chlororaphis
GCA_030413195.1	Pseudomonas aeruginosa
GCA_030436015.1	Pseudomonas chengduensis
GCA_030436055.1	Pseudomonas veronii
GCA_030436095.1	Pseudomonas aeruginosa
GCA_030440385.1	Pseudomonas putida
GCA_030444495.1	Pseudomonas aeruginosa
GCA_030444595.1	Pseudomonas aeruginosa PAO1
GCA_030444635.1	Pseudomonas aeruginosa
GCA_030444655.1	Pseudomonas aeruginosa PAO1
GCA_030444675.1	Pseudomonas aeruginosa
GCA_030489625.1	Pseudomonas aeruginosa
GCA_030489645.1	Pseudomonas aeruginosa
GCA_030490735.1	Pseudomonas aeruginosa
GCA_030505375.1	Pseudomonas kielensis
GCA_030505435.1	Pseudomonas qingdaonensis
GCA_030505595.1	Pseudomonas aeruginosa
GCA_030544525.1	Pseudomonas sp. H22_DOA
GCA_030544665.1	Pseudomonas viridiflava
GCA_030544685.1	Pseudomonas sp. B21_DOA
GCA_030544705.1	Pseudomonas sp. B24_DOA
GCA_030556675.1	Pseudomonas donghuensis
GCA_030563585.1	Pseudomonas aeruginosa
GCA_030563765.1	Pseudomonas aeruginosa
GCA_030564045.1	Pseudomonas aeruginosa
GCA_030622875.1	Pseudomonas fulva
GCA_030644265.1	Pseudomonas sp. OVF7
GCA_030687005.1	Pseudomonas sp. FP1911
GCA_030687085.1	Pseudomonas simiae
GCA_030687105.1	Pseudomonas sp. FP1762
GCA_030687125.1	Pseudomonas extremorientalis
GCA_030687145.1	Pseudomonas sp. FP1742
GCA_030687165.1	Pseudomonas sp. FP1740
GCA_030687185.1	Pseudomonas rhodesiae
GCA_030687205.1	Pseudomonas simiae
GCA_030687225.1	Pseudomonas lurida
GCA_030687245.1	Pseudomonas sp. FP1154
GCA_030687275.1	Pseudomonas sp. FP833
GCA_030687295.1	Pseudomonas sp. FP830
GCA_030687315.1	Pseudomonas hefeiensis
GCA_030687335.1	Pseudomonas sp. FP818
GCA_030687355.1	Pseudomonas rhodesiae
GCA_030687375.1	Pseudomonas simiae
GCA_030687395.1	Pseudomonas sp. FP607
GCA_030687415.1	Pseudomonas sp. FP603
GCA_030687435.1	Pseudomonas sp. FP597
GCA_030687455.1	Pseudomonas simiae
GCA_030687475.1	Pseudomonas hefeiensis
GCA_030687495.1	Pseudomonas sp. FP453
GCA_030687515.1	Pseudomonas sp. FP2338
GCA_030687535.1	Pseudomonas sp. FP2335
GCA_030687555.1	Pseudomonas fluorescens
GCA_030687575.1	Pseudomonas sp. FP2309
GCA_030687595.1	Pseudomonas sp. FP2300
GCA_030687625.1	Pseudomonas sp. FP2294
GCA_030687655.1	Pseudomonas tolaasii
GCA_030687675.1	Pseudomonas sp. FP2262
GCA_030687695.1	Pseudomonas sp. FP2254
GCA_030687715.1	Pseudomonas sp. FP2196
GCA_030687735.1	Pseudomonas canadensis
GCA_030687755.1	Pseudomonas brassicacearum
GCA_030687795.1	Pseudomonas sp. FP215
GCA_030687815.1	Pseudomonas simiae
GCA_030687835.1	Pseudomonas hefeiensis
GCA_030687855.1	Pseudomonas lurida
GCA_030687875.1	Pseudomonas sp. FP2034
GCA_030687895.1	Pseudomonas sp. FP198
GCA_030687915.1	Pseudomonas cucumis
GCA_030687935.1	Pseudomonas cucumis
GCA_030717425.1	Pseudomonas putida
GCA_030758435.1	Pseudomonas aeruginosa
GCA_030866885.1	Pseudomonas aeruginosa
GCA_030866905.1	Pseudomonas aeruginosa
GCA_030866925.1	Pseudomonas aeruginosa
GCA_030908425.1	Pseudomonas aeruginosa
GCA_030908445.1	Pseudomonas aeruginosa
GCA_030908485.1	Pseudomonas mosselii
GCA_030908505.1	Pseudomonas chlororaphis subsp. aurantiaca
GCA_030980095.1	Pseudomonas canadensis
GCA_031211485.1	Pseudomonas aeruginosa
GCA_031212645.1	Pseudomonas aeruginosa
GCA_031218375.1	Pseudomonas aeruginosa
GCA_031219395.1	Pseudomonas aeruginosa
GCA_031220265.1	Pseudomonas aeruginosa
GCA_031221745.1	Pseudomonas aeruginosa
GCA_031222225.1	Pseudomonas aeruginosa
GCA_031223175.1	Pseudomonas aeruginosa
GCA_031224255.1	Pseudomonas aeruginosa
GCA_031224875.1	Pseudomonas aeruginosa
GCA_031326305.1	Pseudomonas aeruginosa
GCA_031326325.1	Pseudomonas aeruginosa
GCA_031435405.1	Pseudomonas shirazica
GCA_031582985.1	Pseudomonas syringae pv. actinidiae
GCA_031583125.1	Pseudomonas coleopterorum
GCA_031764535.1	Pseudomonas sp. SG20056
GCA_031766055.1	Pseudomonas sp. SG20052
GCA_031844645.1	Pseudomonas putida
GCA_031851725.1	Pseudomonas aeruginosa
GCA_031881115.1	Pseudomonas sp. VD-NE white
GCA_031881815.1	Pseudomonas sp. VD-NE ext
GCA_031882575.1	Pseudomonas sp. VD-NE ins
GCA_031884335.1	Pseudomonas canadensis
GCA_032231025.1	Pseudomonas aeruginosa
GCA_032231045.1	Pseudomonas aeruginosa
GCA_032231085.1	Pseudomonas aeruginosa
GCA_032231105.1	Pseudomonas aeruginosa
GCA_032252935.1	Pseudomonas aeruginosa
GCA_032252955.1	Pseudomonas aeruginosa
GCA_032252975.1	Pseudomonas aeruginosa
GCA_032292255.2	Pseudomonas aeruginosa
GCA_032392015.1	Pseudomonas sp. C9-3
GCA_032463525.1	Pseudomonas sp. DTU_2021_1001937_2_SI_NGA_ILE_001
GCA_032463705.1	Pseudomonas aeruginosa
GCA_032598925.1	Pseudomonas aeruginosa
GCA_032613195.1	Pseudomonas sp. P108
GCA_032614175.1	Pseudomonas sp. P105
GCA_032681185.1	Pseudomonas aeruginosa
GCA_032681205.1	Pseudomonas putida
GCA_032696765.1	Pseudomonas aeruginosa
GCA_032699645.1	Pseudomonas aeruginosa
GCA_032701105.1	Pseudomonas sp. NBB
GCA_032761935.1	Pseudomonas aeruginosa
GCA_032806145.1	Pseudomonas sp. NyZ704
GCA_032810905.1	Pseudomonas syringae pv. actinidiae
GCA_032811685.1	Pseudomonas aeruginosa
GCA_032812665.1	Pseudomonas syringae pv. actinidiae
GCA_032843885.3	Pseudomonas aeruginosa
GCA_032847385.1	Pseudomonas aeruginosa
GCA_032851645.1	Pseudomonas protegens
GCA_032878795.1	Pseudomonas aeruginosa
GCA_032934835.1	Pseudomonas aeruginosa
GCA_032941915.1	Pseudomonas aeruginosa
GCA_033024575.1	Pseudomonas syringae pv. actinidiae
GCA_033024595.1	Pseudomonas syringae pv. actinidiae
GCA_033095865.1	Pseudomonas sp. KU43P
GCA_033095885.1	Pseudomonas syringae pv. theae
GCA_033095905.1	Pseudomonas syringae pv. theae
GCA_033108345.1	Pseudomonas aeruginosa PA103
GCA_033216995.1	Pseudomonas aeruginosa
GCA_033217895.1	Pseudomonas aeruginosa
GCA_033219075.1	Pseudomonas aeruginosa
GCA_033219955.1	Pseudomonas aeruginosa
GCA_033221155.1	Pseudomonas aeruginosa
GCA_033222185.1	Pseudomonas aeruginosa
GCA_033223225.1	Pseudomonas aeruginosa
GCA_033224565.1	Pseudomonas aeruginosa
GCA_033225445.1	Pseudomonas aeruginosa
GCA_033226745.1	Pseudomonas aeruginosa
GCA_033227745.1	Pseudomonas aeruginosa
GCA_033228545.1	Pseudomonas aeruginosa
GCA_033229485.1	Pseudomonas aeruginosa
GCA_033230305.1	Pseudomonas aeruginosa
GCA_033232085.1	Pseudomonas aeruginosa
GCA_033335935.1	Pseudomonas aeruginosa
GCA_033374175.1	Pseudomonas aeruginosa
GCA_033375015.1	Pseudomonas aeruginosa
GCA_033375815.1	Pseudomonas aeruginosa
GCA_033392255.1	Pseudomonas aeruginosa
GCA_033393195.1	Pseudomonas aeruginosa
GCA_033394235.1	Pseudomonas aeruginosa
GCA_033395015.1	Pseudomonas aeruginosa
GCA_033396375.1	Pseudomonas putida
GCA_033397055.1	Pseudomonas putida
GCA_033397795.1	Pseudomonas putida
GCA_033541995.2	Pseudomonas aeruginosa
GCA_033546995.1	Pseudomonas putida
GCA_033547135.1	Pseudomonas aeruginosa
GCA_033547155.1	Pseudomonas benzenivorans
GCA_033556905.1	Pseudomonas moraviensis
GCA_033615795.1	Pseudomonas aeruginosa
GCA_033704915.1	Pseudomonas hunanensis
GCA_033807835.1	Pseudomonas aeruginosa
GCA_033879595.1	Pseudomonas putida
GCA_033971265.1	Pseudomonas sp. P1B16
GCA_033971305.1	Pseudomonas aeruginosa
GCA_034008205.1	Pseudomonas sp. P9_35
GCA_034008215.1	Pseudomonas sp. P9_32
GCA_034008235.1	Pseudomonas sp. P9_31
GCA_034008255.1	Pseudomonas sp. P9_2
GCA_034008315.1	Pseudomonas sp. P8_241
GCA_034008635.1	Pseudomonas sp. P8_229
GCA_034009015.1	Pseudomonas sp. P8_139
GCA_034009455.1	Pseudomonas sp. P5_109
GCA_034011435.1	Pseudomonas marginalis
GCA_034021035.1	Pseudomonas germanica
GCA_034043515.1	Pseudomonas sp. MUP55
GCA_034044115.1	Pseudomonas sp. BO3-4
GCA_034044175.1	Pseudomonas sp. S1Bt23
GCA_034057115.1	Pseudomonas sp. AN-1
GCA_034059295.1	Pseudomonas sp. HR96
GCA_034127025.2	Pseudomonas aeruginosa
GCA_034190815.1	Pseudomonas aeruginosa
GCA_034346205.1	Pseudomonas sp. AH2
GCA_034347405.1	Pseudomonas sp. CCC3.1
GCA_034351645.1	Pseudomonas sp. DC1.2
GCA_034353045.1	Pseudomonas sp. MH10
GCA_034353875.1	Pseudomonas sp. MH9.2
GCA_034354675.1	Pseudomonas sp. MH9.3
GCA_034358925.1	Pseudomonas asiatica
GCA_034424355.1	Pseudomonas marginalis
GCA_034424585.1	Pseudomonas chlororaphis
GCA_034424745.1	Pseudomonas putida
GCA_034438375.1	Pseudomonas aeruginosa
GCA_034480705.1	Pseudomonas aeruginosa
GCA_034480885.1	Pseudomonas aeruginosa
GCA_034555355.1	Pseudomonas sp. B188
GCA_034555375.1	Pseudomonas sp. B33.4
GCA_034661275.1	Pseudomonas putida
GCA_035197065.1	Pseudomonas aeruginosa
GCA_035197965.1	Pseudomonas aeruginosa
GCA_035198885.1	Pseudomonas aeruginosa
GCA_035203565.1	Pseudomonas fluorescens
GCA_035205985.1	Pseudomonas aeruginosa
GCA_035208735.1	Pseudomonas canadensis
GCA_035557195.2	Pseudomonas aeruginosa
GCA_035581345.1	Pseudomonas sp. JQ170C
GCA_035610385.1	Pseudomonas saxonica
GCA_035621175.1	Pseudomonas aeruginosa
GCA_035621255.1	Pseudomonas aeruginosa
GCA_035621395.1	Pseudomonas aeruginosa
GCA_035621475.1	Pseudomonas sp. IT1137
GCA_035621855.1	Pseudomonas sp. BA28
GCA_035658315.1	Pseudomonas fragi
GCA_035658415.1	Pseudomonas citronellolis
GCA_035666215.1	Pseudomonas aeruginosa
GCA_035666255.1	Pseudomonas veronii
GCA_035751725.1	Pseudomonas frederiksbergensis
GCA_035756385.1	Pseudomonas protegens
GCA_035758525.1	Pseudomonas putida
GCA_035919625.1	Pseudomonas donghuensis
GCA_035984435.1	Pseudomonas aeruginosa
GCA_036232065.1	Pseudomonas aeruginosa
GCA_036232085.1	Pseudomonas aeruginosa
GCA_036232105.1	Pseudomonas aeruginosa
GCA_036232125.1	Pseudomonas aeruginosa
GCA_036232145.1	Pseudomonas aeruginosa
GCA_036232165.1	Pseudomonas aeruginosa
GCA_036232185.1	Pseudomonas aeruginosa
GCA_036232205.1	Pseudomonas aeruginosa
GCA_036232225.1	Pseudomonas aeruginosa
GCA_036232245.1	Pseudomonas aeruginosa
GCA_036232265.1	Pseudomonas aeruginosa
GCA_036232285.1	Pseudomonas aeruginosa
GCA_036232305.1	Pseudomonas aeruginosa
GCA_036232325.1	Pseudomonas aeruginosa
GCA_036232345.1	Pseudomonas aeruginosa
GCA_036232365.1	Pseudomonas aeruginosa
GCA_036232385.1	Pseudomonas aeruginosa
GCA_036232405.1	Pseudomonas aeruginosa
GCA_036232425.1	Pseudomonas aeruginosa
GCA_036232455.1	Pseudomonas aeruginosa
GCA_036232495.1	Pseudomonas aeruginosa
GCA_036232525.1	Pseudomonas aeruginosa
GCA_036232565.1	Pseudomonas aeruginosa
GCA_036232585.1	Pseudomonas aeruginosa
GCA_036232605.1	Pseudomonas aeruginosa
GCA_036232625.1	Pseudomonas aeruginosa
GCA_036232645.1	Pseudomonas aeruginosa
GCA_036232665.1	Pseudomonas aeruginosa
GCA_036232685.1	Pseudomonas aeruginosa
GCA_036232705.1	Pseudomonas aeruginosa
GCA_036232725.1	Pseudomonas aeruginosa
GCA_036232745.1	Pseudomonas aeruginosa
GCA_036232765.1	Pseudomonas aeruginosa
GCA_036232785.1	Pseudomonas aeruginosa
GCA_036232805.1	Pseudomonas aeruginosa
GCA_036232825.1	Pseudomonas aeruginosa
GCA_036232845.1	Pseudomonas aeruginosa
GCA_036232865.1	Pseudomonas aeruginosa
GCA_036232885.1	Pseudomonas aeruginosa
GCA_036232905.1	Pseudomonas aeruginosa
GCA_036232925.1	Pseudomonas aeruginosa
GCA_036232945.1	Pseudomonas aeruginosa
GCA_036233095.1	Pseudomonas aeruginosa
GCA_036233115.1	Pseudomonas aeruginosa
GCA_036233135.1	Pseudomonas aeruginosa
GCA_036233155.1	Pseudomonas aeruginosa
GCA_036233175.1	Pseudomonas aeruginosa
GCA_036233195.1	Pseudomonas aeruginosa
GCA_036233215.1	Pseudomonas aeruginosa
GCA_036233235.1	Pseudomonas aeruginosa
GCA_036233255.1	Pseudomonas aeruginosa
GCA_036233275.1	Pseudomonas aeruginosa
GCA_036233295.1	Pseudomonas aeruginosa
GCA_036233315.1	Pseudomonas aeruginosa
GCA_036233335.1	Pseudomonas aeruginosa
GCA_036233355.1	Pseudomonas aeruginosa
GCA_036233375.1	Pseudomonas aeruginosa
GCA_036233395.1	Pseudomonas aeruginosa
GCA_036233415.1	Pseudomonas aeruginosa
GCA_036233435.1	Pseudomonas aeruginosa
GCA_036233455.1	Pseudomonas aeruginosa
GCA_036233475.1	Pseudomonas aeruginosa
GCA_036233495.1	Pseudomonas aeruginosa
GCA_036233515.1	Pseudomonas aeruginosa
GCA_036233535.1	Pseudomonas aeruginosa
GCA_036233555.1	Pseudomonas aeruginosa
GCA_036233575.1	Pseudomonas aeruginosa
GCA_036233595.1	Pseudomonas aeruginosa
GCA_036233615.1	Pseudomonas aeruginosa
GCA_036233635.1	Pseudomonas aeruginosa
GCA_036233655.1	Pseudomonas aeruginosa
GCA_036233675.1	Pseudomonas aeruginosa
GCA_036233695.1	Pseudomonas aeruginosa
GCA_036233715.1	Pseudomonas aeruginosa
GCA_036233735.1	Pseudomonas aeruginosa
GCA_036233755.1	Pseudomonas aeruginosa
GCA_036234315.1	Pseudomonas aeruginosa
GCA_036236015.1	Pseudomonas aeruginosa
GCA_036236975.1	Pseudomonas aeruginosa
GCA_036236995.1	Pseudomonas aeruginosa
GCA_036237015.1	Pseudomonas aeruginosa
GCA_036237035.1	Pseudomonas aeruginosa
GCA_036237055.1	Pseudomonas aeruginosa
GCA_036237075.1	Pseudomonas aeruginosa
GCA_036237095.1	Pseudomonas aeruginosa
GCA_036237115.1	Pseudomonas aeruginosa
GCA_036324525.1	Pseudomonas psychrophila
GCA_036326305.1	Pseudomonas aeruginosa
GCA_036328175.1	Pseudomonas sp. JS3066
GCA_036347735.1	Pseudomonas putida
GCA_036352095.1	Pseudomonas yamanorum
GCA_036417705.1	Pseudomonas aeruginosa
GCA_036417785.1	Pseudomonas aeruginosa
GCA_036417805.1	Pseudomonas aeruginosa
GCA_036417915.1	Pseudomonas aeruginosa
GCA_036417995.1	Pseudomonas aeruginosa
GCA_036418055.1	Pseudomonas aeruginosa
GCA_036418125.1	Pseudomonas aeruginosa
GCA_036418145.1	Pseudomonas aeruginosa
GCA_036418185.1	Pseudomonas aeruginosa
GCA_036418275.1	Pseudomonas aeruginosa
GCA_036418295.1	Pseudomonas aeruginosa
GCA_036542105.1	Pseudomonas aeruginosa
GCA_036542145.1	Pseudomonas sp. ZY71
GCA_036549575.1	Pseudomonas sp. LH21
GCA_036584005.1	Pseudomonas sp. NA13
GCA_036585405.1	Pseudomonas batumici
GCA_036630035.1	Pseudomonas sp. LTR0
GCA_036689585.1	Pseudomonas sp. WP18
GCA_036689615.1	Pseudomonas chlororaphis subsp. chlororaphis
GCA_036693845.1	Pseudomonas sp. MS646
GCA_036704165.1	Pseudomonas khavaziana
GCA_036776515.1	Pseudomonas aeruginosa
GCA_036784815.1	Pseudomonas sp. TE3-3-F2023
GCA_036835625.1	Pseudomonas aeruginosa
GCA_036864995.1	Pseudomonas trivialis
GCA_036865005.1	Pseudomonas trivialis
GCA_036865015.1	Pseudomonas trivialis
GCA_036865025.1	Pseudomonas trivialis
GCA_036865035.1	Pseudomonas trivialis
GCA_036865045.1	Pseudomonas trivialis
GCA_036865055.1	Pseudomonas trivialis
GCA_036865065.1	Pseudomonas trivialis
GCA_036865075.1	Pseudomonas trivialis
GCA_036865085.1	Pseudomonas trivialis
GCA_036865095.1	Pseudomonas trivialis
GCA_036865105.1	Pseudomonas trivialis
GCA_036865115.1	Pseudomonas trivialis
GCA_036865125.1	Pseudomonas trivialis
GCA_036865135.1	Pseudomonas trivialis
GCA_036865145.1	Pseudomonas trivialis
GCA_036865155.1	Pseudomonas trivialis
GCA_036865165.1	Pseudomonas trivialis
GCA_036865175.1	Pseudomonas trivialis
GCA_036865185.1	Pseudomonas trivialis
GCA_036865195.1	Pseudomonas trivialis
GCA_036865205.1	Pseudomonas trivialis
GCA_036865215.1	Pseudomonas trivialis
GCA_036865225.1	Pseudomonas trivialis
GCA_036865235.1	Pseudomonas trivialis
GCA_036865245.1	Pseudomonas poae
GCA_036865255.1	Pseudomonas poae
GCA_036865265.1	Pseudomonas poae
GCA_036865275.1	Pseudomonas poae
GCA_036865285.1	Pseudomonas poae
GCA_036865295.1	Pseudomonas poae
GCA_036865305.1	Pseudomonas poae
GCA_036865315.1	Pseudomonas poae
GCA_036865325.1	Pseudomonas poae
GCA_036865335.1	Pseudomonas poae
GCA_036865345.1	Pseudomonas poae
GCA_036865355.1	Pseudomonas poae
GCA_036865365.1	Pseudomonas poae
GCA_036865375.1	Pseudomonas poae
GCA_036865385.1	Pseudomonas poae
GCA_036865395.1	Pseudomonas poae
GCA_036865405.1	Pseudomonas poae
GCA_036865415.1	Pseudomonas poae
GCA_036865425.1	Pseudomonas poae
GCA_036865435.1	Pseudomonas poae
GCA_036865445.1	Pseudomonas poae
GCA_036865455.1	Pseudomonas poae
GCA_036865465.1	Pseudomonas poae
GCA_036865475.1	Pseudomonas poae
GCA_036870945.1	Pseudomonas sp. W52
GCA_036871025.1	Pseudomonas canadensis
GCA_036872625.1	Pseudomonas aeruginosa
GCA_036884265.1	Pseudomonas benzopyrenica
GCA_036884845.1	Pseudomonas sp. MAG733B
GCA_036967185.1	Pseudomonas lactis
GCA_037023715.1	Pseudomonas bubulae
GCA_037023725.1	Pseudomonas bubulae
GCA_037027455.2	Pseudomonas sp. G166
GCA_037055265.1	Pseudomonas sp. ML2-2023-6
GCA_037055275.1	Pseudomonas sp. ML2-2023-3
GCA_037071415.1	Pseudomonas silesiensis
GCA_037094645.1	Pseudomonas tolaasii
GCA_037094675.1	Pseudomonas sp. KK18
GCA_037094715.1	Pseudomonas juntendi
GCA_037094725.1	Pseudomonas juntendi
GCA_037099735.1	Pseudomonas monteilii
GCA_037100255.1	Pseudomonas putida
GCA_037100415.1	Pseudomonas chlororaphis
GCA_037113495.1	Pseudomonas sp. AE27
GCA_037126175.1	Pseudomonas sp. RSB 5.4
GCA_037223945.1	Pseudomonas aeruginosa
GCA_037234985.1	Pseudomonas syringae pv. atrofaciens
GCA_037267025.1	Pseudomonas aeruginosa
GCA_037285345.1	Pseudomonas aeruginosa
GCA_037287405.1	Pseudomonas aeruginosa
GCA_037287425.1	Pseudomonas aeruginosa
GCA_037287465.1	Pseudomonas aeruginosa
GCA_037287505.1	Pseudomonas aeruginosa
GCA_037287535.1	Pseudomonas aeruginosa
GCA_037287545.1	Pseudomonas aeruginosa
GCA_037287585.1	Pseudomonas aeruginosa
GCA_037482125.1	Pseudomonas aeruginosa
GCA_037482215.1	Pseudomonas mendocina
GCA_037756035.1	Pseudomonas putida
GCA_037758665.1	Pseudomonas putida
GCA_037890725.1	Pseudomonas aeruginosa
GCA_037903935.1	Pseudomonas idahonensis
GCA_037914935.1	Pseudomonas aeruginosa
GCA_037943105.1	Pseudomonas sp. TMP9
GCA_037950645.1	Pseudomonas atacamensis
GCA_037976155.1	Pseudomonas sp. FSL L8-0168
GCA_038048985.1	Pseudomonas sp. TMP25
GCA_038095575.1	Pseudomonas putida
GCA_038096165.1	Pseudomonas sp. G.S.17
GCA_038396595.1	Pseudomonas aeruginosa
GCA_038396855.1	Pseudomonas aeruginosa
GCA_038396885.1	Pseudomonas aeruginosa
GCA_038397775.1	Pseudomonas sp. RC10
GCA_038397815.1	Pseudomonas aeruginosa
GCA_038420425.1	Pseudomonas aeruginosa
GCA_038431885.1	Pseudomonas aeruginosa
GCA_038431895.1	Pseudomonas aeruginosa
GCA_038431905.1	Pseudomonas aeruginosa
GCA_038431915.1	Pseudomonas aeruginosa
GCA_038431925.1	Pseudomonas aeruginosa
GCA_038431935.1	Pseudomonas aeruginosa
GCA_038431945.1	Pseudomonas aeruginosa
GCA_038432515.1	Pseudomonas aeruginosa
GCA_038433795.1	Pseudomonas aeruginosa
GCA_038435155.1	Pseudomonas aeruginosa
GCA_038447645.1	Pseudomonas fluorescens
GCA_038499475.1	Pseudomonas chlororaphis
GCA_038712055.1	Pseudomonas alkylphenolica
GCA_038750345.1	Pseudomonas kurunegalensis
GCA_038799315.1	Pseudomonas aeruginosa
GCA_038804275.1	Pseudomonas sp. F3-2
GCA_038813925.1	Pseudomonas sp. REB1044
GCA_039407195.1	Pseudomonas sp. 4810-S13
GCA_039512425.1	Pseudomonas aeruginosa
GCA_039555165.1	Pseudomonas aeruginosa
GCA_039555755.1	Pseudomonas sediminis
GCA_900069025.1	Pseudomonas aeruginosa DK1
GCA_900070375.1	Pseudomonas aeruginosa
GCA_900074915.1	Pseudomonas cerasi
GCA_900091925.1	Pseudomonas aeruginosa
GCA_900091935.1	Pseudomonas aeruginosa
GCA_900092355.1	Pseudomonas veronii 1YdBTEX2
GCA_900095805.1	Pseudomonas aeruginosa
GCA_900149285.1	Pseudomonas aeruginosa
GCA_900184295.1	Pseudomonas viridiflava
GCA_900185255.1	Pseudomonas aeruginosa C-NN2
GCA_900235815.1	Pseudomonas syringae
GCA_900235825.1	Pseudomonas syringae pv. syringae
GCA_900235835.1	Pseudomonas syringae pv. avii
GCA_900235865.1	Pseudomonas syringae pv. syringae
GCA_900235885.1	Pseudomonas syringae pv. cerasicola
GCA_900235895.1	Pseudomonas cerasi
GCA_900235905.1	Pseudomonas syringae group genomosp. 3
GCA_900243355.1	Pseudomonas aeruginosa
GCA_900289125.1	Pseudomonas syringae
GCA_900475215.1	Pseudomonas fluorescens
GCA_900475285.1	Pseudomonas taetrolens
GCA_900475945.1	Pseudomonas mucidolens
GCA_900478745.1	Pseudomonas aeruginosa
GCA_900497025.1	Pseudomonas aeruginosa
GCA_900497645.1	Pseudomonas synxantha
GCA_900560965.1	Pseudomonas protegens CHA0
GCA_900618245.1	Pseudomonas aeruginosa
GCA_900618255.1	Pseudomonas aeruginosa
GCA_900618265.1	Pseudomonas aeruginosa
GCA_900618275.1	Pseudomonas aeruginosa
GCA_900618285.1	Pseudomonas aeruginosa
GCA_900618305.1	Pseudomonas aeruginosa
GCA_900618315.1	Pseudomonas aeruginosa
GCA_900618325.1	Pseudomonas aeruginosa
GCA_900618335.1	Pseudomonas aeruginosa
GCA_900626055.2	Pseudomonas oleovorans
GCA_900636545.1	Pseudomonas mendocina
GCA_900636635.1	Pseudomonas fluorescens
GCA_900636645.1	Pseudomonas putida
GCA_900636735.1	Pseudomonas aeruginosa
GCA_900636755.1	Pseudomonas aeruginosa
GCA_900636825.1	Pseudomonas fluorescens
GCA_900636975.1	Pseudomonas aeruginosa
GCA_900636995.1	Pseudomonas chlororaphis
GCA_900637045.1	Pseudomonas aeruginosa
GCA_900637735.1	Pseudomonas taetrolens
GCA_900682675.2	Pseudomonas marincola
GCA_901472545.1	Pseudomonas aeruginosa
GCA_901472565.1	Pseudomonas aeruginosa
GCA_901472595.1	Pseudomonas aeruginosa
GCA_901482615.1	Pseudomonas synxantha
GCA_902172305.2	Pseudomonas aeruginosa PAK
GCA_902703185.1	Pseudomonas aeruginosa
GCA_902703195.1	Pseudomonas aeruginosa
GCA_902703215.1	Pseudomonas aeruginosa
GCA_902825215.1	Pseudomonas fluorescens
GCA_903815245.1	Pseudomonas putida
GCA_903815255.1	Pseudomonas putida
GCA_904866275.1	Pseudomonas aeruginosa
GCA_905071885.1	Pseudomonas aeruginosa
GCA_905336995.1	Pseudomonas sp. PP3
GCA_916618955.1	Pseudomonas sp. Marseille-Q3773
GCA_931907645.1	Pseudomonas fluorescens SBW25
GCA_943846705.1	uncultured Pseudomonas sp.
GCA_947090715.1	Pseudomonas sp. MM227
GCA_947090765.1	Pseudomonas sp. MM223
GCA_947090825.1	Pseudomonas sp. MM221
GCA_949769235.1	Pseudomonas syringae pv. tomato
GCA_949788755.1	Pseudomonas fluorescens
GCA_951691365.2	Pseudomonas aeruginosa
GCA_951802375.2	Pseudomonas aeruginosa
GCA_951805275.2	Pseudomonas aeruginosa
GCA_963676145.1	Pseudomonas hunanensis
GCA_963677775.1	Pseudomonas extremaustralis
GCA_963678005.1	Pseudomonas laurentiana
GCA_963681935.1	Pseudomonas kulmbachensis
GCA_963681955.1	Pseudomonas paraveronii